prompt_id,evaluator_id,candidate_id
p001,Qwen/Qwen2.5-7B-Instruct::normal_01,A
p001,Qwen/Qwen2.5-7B-Instruct::normal_01,B
p001,Qwen/Qwen2.5-7B-Instruct::normal_01,C
p001,Qwen/Qwen2.5-7B-Instruct::normal_01,D
p001,Qwen/Qwen2.5-7B-Instruct::normal_02,A
p001,Qwen/Qwen2.5-7B-Instruct::normal_02,B
p001,Qwen/Qwen2.5-7B-Instruct::normal_02,C
p001,Qwen/Qwen2.5-7B-Instruct::normal_02,D
p001,Qwen/Qwen2.5-7B-Instruct::normal_03,A
p001,Qwen/Qwen2.5-7B-Instruct::normal_03,B
p001,Qwen/Qwen2.5-7B-Instruct::normal_03,C
p001,Qwen/Qwen2.5-7B-Instruct::normal_03,D
p001,Qwen/Qwen2.5-7B-Instruct::normal_04,A
p001,Qwen/Qwen2.5-7B-Instruct::normal_04,B
p001,Qwen/Qwen2.5-7B-Instruct::normal_04,C
p001,Qwen/Qwen2.5-7B-Instruct::normal_04,D
p002,Qwen/Qwen2.5-7B-Instruct::normal_01,A
p002,Qwen/Qwen2.5-7B-Instruct::normal_01,B
p002,Qwen/Qwen2.5-7B-Instruct::normal_01,C
p002,Qwen/Qwen2.5-7B-Instruct::normal_01,D
p002,Qwen/Qwen2.5-7B-Instruct::normal_02,A
p002,Qwen/Qwen2.5-7B-Instruct::normal_02,B
p002,Qwen/Qwen2.5-7B-Instruct::normal_02,C
p002,Qwen/Qwen2.5-7B-Instruct::normal_02,D
p002,Qwen/Qwen2.5-7B-Instruct::normal_03,A
p002,Qwen/Qwen2.5-7B-Instruct::normal_03,B
p002,Qwen/Qwen2.5-7B-Instruct::normal_03,C
p002,Qwen/Qwen2.5-7B-Instruct::normal_03,D
p002,Qwen/Qwen2.5-7B-Instruct::normal_04,A
p002,Qwen/Qwen2.5-7B-Instruct::normal_04,B
p002,Qwen/Qwen2.5-7B-Instruct::normal_04,C
p002,Qwen/Qwen2.5-7B-Instruct::normal_04,D
p003,Qwen/Qwen2.5-7B-Instruct::normal_01,A
p003,Qwen/Qwen2.5-7B-Instruct::normal_01,B
p003,Qwen/Qwen2.5-7B-Instruct::normal_01,C
p003,Qwen/Qwen2.5-7B-Instruct::normal_01,D
p003,Qwen/Qwen2.5-7B-Instruct::normal_02,A
p003,Qwen/Qwen2.5-7B-Instruct::normal_02,B
p003,Qwen/Qwen2.5-7B-Instruct::normal_02,C
p003,Qwen/Qwen2.5-7B-Instruct::normal_02,D
p003,Qwen/Qwen2.5-7B-Instruct::normal_03,A
p003,Qwen/Qwen2.5-7B-Instruct::normal_03,B
p003,Qwen/Qwen2.5-7B-Instruct::normal_03,C
p003,Qwen/Qwen2.5-7B-Instruct::normal_03,D
p003,Qwen/Qwen2.5-7B-Instruct::normal_04,A
p003,Qwen/Qwen2.5-7B-Instruct::normal_04,B
p003,Qwen/Qwen2.5-7B-Instruct::normal_04,C
p003,Qwen/Qwen2.5-7B-Instruct::normal_04,D
p004,Qwen/Qwen2.5-7B-Instruct::normal_01,A
p004,Qwen/Qwen2.5-7B-Instruct::normal_01,B
p004,Qwen/Qwen2.5-7B-Instruct::normal_01,C
p004,Qwen/Qwen2.5-7B-Instruct::normal_01,D
p004,Qwen/Qwen2.5-7B-Instruct::normal_02,A
p004,Qwen/Qwen2.5-7B-Instruct::normal_02,B
p004,Qwen/Qwen2.5-7B-Instruct::normal_02,C
p004,Qwen/Qwen2.5-7B-Instruct::normal_02,D
p004,Qwen/Qwen2.5-7B-Instruct::normal_03,A
p004,Qwen/Qwen2.5-7B-Instruct::normal_03,B
p004,Qwen/Qwen2.5-7B-Instruct::normal_03,C
p004,Qwen/Qwen2.5-7B-Instruct::normal_03,D
p005,Qwen/Qwen2.5-7B-Instruct::normal_02,A
p005,Qwen/Qwen2.5-7B-Instruct::normal_02,B
p005,Qwen/Qwen2.5-7B-Instruct::normal_02,C
p005,Qwen/Qwen2.5-7B-Instruct::normal_02,D
p005,Qwen/Qwen2.5-7B-Instruct::normal_03,A
p005,Qwen/Qwen2.5-7B-Instruct::normal_03,B
p005,Qwen/Qwen2.5-7B-Instruct::normal_03,C
p005,Qwen/Qwen2.5-7B-Instruct::normal_03,D
p005,Qwen/Qwen2.5-7B-Instruct::normal_04,A
p005,Qwen/Qwen2.5-7B-Instruct::normal_04,B
p005,Qwen/Qwen2.5-7B-Instruct::normal_04,C
p005,Qwen/Qwen2.5-7B-Instruct::normal_04,D
p006,Qwen/Qwen2.5-7B-Instruct::normal_01,A
p006,Qwen/Qwen2.5-7B-Instruct::normal_01,B
p006,Qwen/Qwen2.5-7B-Instruct::normal_01,C
p006,Qwen/Qwen2.5-7B-Instruct::normal_01,D
p006,Qwen/Qwen2.5-7B-Instruct::normal_02,A
p006,Qwen/Qwen2.5-7B-Instruct::normal_02,B
p006,Qwen/Qwen2.5-7B-Instruct::normal_02,C
p006,Qwen/Qwen2.5-7B-Instruct::normal_02,D
p006,Qwen/Qwen2.5-7B-Instruct::normal_03,A
p006,Qwen/Qwen2.5-7B-Instruct::normal_03,B
p006,Qwen/Qwen2.5-7B-Instruct::normal_03,C
p006,Qwen/Qwen2.5-7B-Instruct::normal_03,D
p006,Qwen/Qwen2.5-7B-Instruct::normal_04,A
p006,Qwen/Qwen2.5-7B-Instruct::normal_04,B
p006,Qwen/Qwen2.5-7B-Instruct::normal_04,C
p006,Qwen/Qwen2.5-7B-Instruct::normal_04,D
p007,Qwen/Qwen2.5-7B-Instruct::normal_01,A
p007,Qwen/Qwen2.5-7B-Instruct::normal_01,B
p007,Qwen/Qwen2.5-7B-Instruct::normal_01,C
p007,Qwen/Qwen2.5-7B-Instruct::normal_01,D
p007,Qwen/Qwen2.5-7B-Instruct::normal_02,A
p007,Qwen/Qwen2.5-7B-Instruct::normal_02,B
p007,Qwen/Qwen2.5-7B-Instruct::normal_02,C
p007,Qwen/Qwen2.5-7B-Instruct::normal_02,D
p007,Qwen/Qwen2.5-7B-Instruct::normal_03,A
p007,Qwen/Qwen2.5-7B-Instruct::normal_03,B
p007,Qwen/Qwen2.5-7B-Instruct::normal_03,C
p007,Qwen/Qwen2.5-7B-Instruct::normal_03,D
p007,Qwen/Qwen2.5-7B-Instruct::normal_04,A
p007,Qwen/Qwen2.5-7B-Instruct::normal_04,B
p007,Qwen/Qwen2.5-7B-Instruct::normal_04,C
p007,Qwen/Qwen2.5-7B-Instruct::normal_04,D
p008,Qwen/Qwen2.5-7B-Instruct::normal_01,A
p008,Qwen/Qwen2.5-7B-Instruct::normal_01,B
p008,Qwen/Qwen2.5-7B-Instruct::normal_01,C
p008,Qwen/Qwen2.5-7B-Instruct::normal_01,D
p008,Qwen/Qwen2.5-7B-Instruct::normal_02,A
p008,Qwen/Qwen2.5-7B-Instruct::normal_02,B
p008,Qwen/Qwen2.5-7B-Instruct::normal_02,C
p008,Qwen/Qwen2.5-7B-Instruct::normal_02,D
p008,Qwen/Qwen2.5-7B-Instruct::normal_03,A
p008,Qwen/Qwen2.5-7B-Instruct::normal_03,B
p008,Qwen/Qwen2.5-7B-Instruct::normal_03,C
p008,Qwen/Qwen2.5-7B-Instruct::normal_03,D
p008,Qwen/Qwen2.5-7B-Instruct::normal_04,A
p008,Qwen/Qwen2.5-7B-Instruct::normal_04,B
p008,Qwen/Qwen2.5-7B-Instruct::normal_04,C
p008,Qwen/Qwen2.5-7B-Instruct::normal_04,D
p009,Qwen/Qwen2.5-7B-Instruct::normal_01,A
p009,Qwen/Qwen2.5-7B-Instruct::normal_01,B
p009,Qwen/Qwen2.5-7B-Instruct::normal_01,C
p009,Qwen/Qwen2.5-7B-Instruct::normal_01,D
p009,Qwen/Qwen2.5-7B-Instruct::normal_02,A
p009,Qwen/Qwen2.5-7B-Instruct::normal_02,B
p009,Qwen/Qwen2.5-7B-Instruct::normal_02,C
p009,Qwen/Qwen2.5-7B-Instruct::normal_02,D
p009,Qwen/Qwen2.5-7B-Instruct::normal_03,A
p009,Qwen/Qwen2.5-7B-Instruct::normal_03,B
p009,Qwen/Qwen2.5-7B-Instruct::normal_03,C
p009,Qwen/Qwen2.5-7B-Instruct::normal_03,D
p009,Qwen/Qwen2.5-7B-Instruct::normal_04,A
p009,Qwen/Qwen2.5-7B-Instruct::normal_04,B
p009,Qwen/Qwen2.5-7B-Instruct::normal_04,C
p009,Qwen/Qwen2.5-7B-Instruct::normal_04,D
p010,Qwen/Qwen2.5-7B-Instruct::normal_01,A
p010,Qwen/Qwen2.5-7B-Instruct::normal_01,B
p010,Qwen/Qwen2.5-7B-Instruct::normal_01,C
p010,Qwen/Qwen2.5-7B-Instruct::normal_01,D
p010,Qwen/Qwen2.5-7B-Instruct::normal_02,A
p010,Qwen/Qwen2.5-7B-Instruct::normal_02,B
p010,Qwen/Qwen2.5-7B-Instruct::normal_02,C
p010,Qwen/Qwen2.5-7B-Instruct::normal_02,D
p010,Qwen/Qwen2.5-7B-Instruct::normal_03,A
p010,Qwen/Qwen2.5-7B-Instruct::normal_03,B
p010,Qwen/Qwen2.5-7B-Instruct::normal_03,C
p010,Qwen/Qwen2.5-7B-Instruct::normal_03,D
p010,Qwen/Qwen2.5-7B-Instruct::normal_04,A
p010,Qwen/Qwen2.5-7B-Instruct::normal_04,B
p010,Qwen/Qwen2.5-7B-Instruct::normal_04,C
p010,Qwen/Qwen2.5-7B-Instruct::normal_04,D
p011,Qwen/Qwen2.5-7B-Instruct::normal_01,A
p011,Qwen/Qwen2.5-7B-Instruct::normal_01,B
p011,Qwen/Qwen2.5-7B-Instruct::normal_01,C
p011,Qwen/Qwen2.5-7B-Instruct::normal_01,D
p011,Qwen/Qwen2.5-7B-Instruct::normal_02,A
p011,Qwen/Qwen2.5-7B-Instruct::normal_02,B
p011,Qwen/Qwen2.5-7B-Instruct::normal_02,C
p011,Qwen/Qwen2.5-7B-Instruct::normal_02,D
p011,Qwen/Qwen2.5-7B-Instruct::normal_03,A
p011,Qwen/Qwen2.5-7B-Instruct::normal_03,B
p011,Qwen/Qwen2.5-7B-Instruct::normal_03,C
p011,Qwen/Qwen2.5-7B-Instruct::normal_03,D
p011,Qwen/Qwen2.5-7B-Instruct::normal_04,A
p011,Qwen/Qwen2.5-7B-Instruct::normal_04,B
p011,Qwen/Qwen2.5-7B-Instruct::normal_04,C
p011,Qwen/Qwen2.5-7B-Instruct::normal_04,D
p012,Qwen/Qwen2.5-7B-Instruct::normal_01,A
p012,Qwen/Qwen2.5-7B-Instruct::normal_01,B
p012,Qwen/Qwen2.5-7B-Instruct::normal_01,C
p012,Qwen/Qwen2.5-7B-Instruct::normal_01,D
p012,Qwen/Qwen2.5-7B-Instruct::normal_02,A
p012,Qwen/Qwen2.5-7B-Instruct::normal_02,B
p012,Qwen/Qwen2.5-7B-Instruct::normal_02,C
p012,Qwen/Qwen2.5-7B-Instruct::normal_02,D
p012,Qwen/Qwen2.5-7B-Instruct::normal_03,A
p012,Qwen/Qwen2.5-7B-Instruct::normal_03,B
p012,Qwen/Qwen2.5-7B-Instruct::normal_03,C
p012,Qwen/Qwen2.5-7B-Instruct::normal_03,D
p012,Qwen/Qwen2.5-7B-Instruct::normal_04,A
p012,Qwen/Qwen2.5-7B-Instruct::normal_04,B
p012,Qwen/Qwen2.5-7B-Instruct::normal_04,C
p012,Qwen/Qwen2.5-7B-Instruct::normal_04,D
p013,Qwen/Qwen2.5-7B-Instruct::normal_01,A
p013,Qwen/Qwen2.5-7B-Instruct::normal_01,B
p013,Qwen/Qwen2.5-7B-Instruct::normal_01,C
p013,Qwen/Qwen2.5-7B-Instruct::normal_01,D
p013,Qwen/Qwen2.5-7B-Instruct::normal_02,A
p013,Qwen/Qwen2.5-7B-Instruct::normal_02,B
p013,Qwen/Qwen2.5-7B-Instruct::normal_02,C
p013,Qwen/Qwen2.5-7B-Instruct::normal_02,D
p013,Qwen/Qwen2.5-7B-Instruct::normal_03,A
p013,Qwen/Qwen2.5-7B-Instruct::normal_03,B
p013,Qwen/Qwen2.5-7B-Instruct::normal_03,C
p013,Qwen/Qwen2.5-7B-Instruct::normal_03,D
p013,Qwen/Qwen2.5-7B-Instruct::normal_04,A
p013,Qwen/Qwen2.5-7B-Instruct::normal_04,B
p013,Qwen/Qwen2.5-7B-Instruct::normal_04,C
p013,Qwen/Qwen2.5-7B-Instruct::normal_04,D
p014,Qwen/Qwen2.5-7B-Instruct::normal_01,A
p014,Qwen/Qwen2.5-7B-Instruct::normal_01,B
p014,Qwen/Qwen2.5-7B-Instruct::normal_01,C
p014,Qwen/Qwen2.5-7B-Instruct::normal_01,D
p014,Qwen/Qwen2.5-7B-Instruct::normal_02,A
p014,Qwen/Qwen2.5-7B-Instruct::normal_02,B
p014,Qwen/Qwen2.5-7B-Instruct::normal_02,C
p014,Qwen/Qwen2.5-7B-Instruct::normal_02,D
p014,Qwen/Qwen2.5-7B-Instruct::normal_03,A
p014,Qwen/Qwen2.5-7B-Instruct::normal_03,B
p014,Qwen/Qwen2.5-7B-Instruct::normal_03,C
p014,Qwen/Qwen2.5-7B-Instruct::normal_03,D
p014,Qwen/Qwen2.5-7B-Instruct::normal_04,A
p014,Qwen/Qwen2.5-7B-Instruct::normal_04,B
p014,Qwen/Qwen2.5-7B-Instruct::normal_04,C
p014,Qwen/Qwen2.5-7B-Instruct::normal_04,D
p015,Qwen/Qwen2.5-7B-Instruct::normal_01,A
p015,Qwen/Qwen2.5-7B-Instruct::normal_01,B
p015,Qwen/Qwen2.5-7B-Instruct::normal_01,C
p015,Qwen/Qwen2.5-7B-Instruct::normal_01,D
p015,Qwen/Qwen2.5-7B-Instruct::normal_02,A
p015,Qwen/Qwen2.5-7B-Instruct::normal_02,B
p015,Qwen/Qwen2.5-7B-Instruct::normal_02,C
p015,Qwen/Qwen2.5-7B-Instruct::normal_02,D
p015,Qwen/Qwen2.5-7B-Instruct::normal_03,A
p015,Qwen/Qwen2.5-7B-Instruct::normal_03,B
p015,Qwen/Qwen2.5-7B-Instruct::normal_03,C
p015,Qwen/Qwen2.5-7B-Instruct::normal_03,D
p015,Qwen/Qwen2.5-7B-Instruct::normal_04,A
p015,Qwen/Qwen2.5-7B-Instruct::normal_04,B
p015,Qwen/Qwen2.5-7B-Instruct::normal_04,C
p015,Qwen/Qwen2.5-7B-Instruct::normal_04,D
p016,Qwen/Qwen2.5-7B-Instruct::normal_02,A
p016,Qwen/Qwen2.5-7B-Instruct::normal_02,B
p016,Qwen/Qwen2.5-7B-Instruct::normal_02,C
p016,Qwen/Qwen2.5-7B-Instruct::normal_02,D
p016,Qwen/Qwen2.5-7B-Instruct::normal_03,A
p016,Qwen/Qwen2.5-7B-Instruct::normal_03,B
p016,Qwen/Qwen2.5-7B-Instruct::normal_03,C
p016,Qwen/Qwen2.5-7B-Instruct::normal_03,D
p017,Qwen/Qwen2.5-7B-Instruct::normal_01,A
p017,Qwen/Qwen2.5-7B-Instruct::normal_01,B
p017,Qwen/Qwen2.5-7B-Instruct::normal_01,C
p017,Qwen/Qwen2.5-7B-Instruct::normal_01,D
p017,Qwen/Qwen2.5-7B-Instruct::normal_02,A
p017,Qwen/Qwen2.5-7B-Instruct::normal_02,B
p017,Qwen/Qwen2.5-7B-Instruct::normal_02,C
p017,Qwen/Qwen2.5-7B-Instruct::normal_02,D
p017,Qwen/Qwen2.5-7B-Instruct::normal_03,A
p017,Qwen/Qwen2.5-7B-Instruct::normal_03,B
p017,Qwen/Qwen2.5-7B-Instruct::normal_03,C
p017,Qwen/Qwen2.5-7B-Instruct::normal_03,D
p017,Qwen/Qwen2.5-7B-Instruct::normal_04,A
p017,Qwen/Qwen2.5-7B-Instruct::normal_04,B
p017,Qwen/Qwen2.5-7B-Instruct::normal_04,C
p017,Qwen/Qwen2.5-7B-Instruct::normal_04,D
p018,Qwen/Qwen2.5-7B-Instruct::normal_01,A
p018,Qwen/Qwen2.5-7B-Instruct::normal_01,B
p018,Qwen/Qwen2.5-7B-Instruct::normal_01,C
p018,Qwen/Qwen2.5-7B-Instruct::normal_01,D
p018,Qwen/Qwen2.5-7B-Instruct::normal_02,A
p018,Qwen/Qwen2.5-7B-Instruct::normal_02,B
p018,Qwen/Qwen2.5-7B-Instruct::normal_02,C
p018,Qwen/Qwen2.5-7B-Instruct::normal_02,D
p018,Qwen/Qwen2.5-7B-Instruct::normal_03,A
p018,Qwen/Qwen2.5-7B-Instruct::normal_03,B
p018,Qwen/Qwen2.5-7B-Instruct::normal_03,C
p018,Qwen/Qwen2.5-7B-Instruct::normal_03,D
p018,Qwen/Qwen2.5-7B-Instruct::normal_04,A
p018,Qwen/Qwen2.5-7B-Instruct::normal_04,B
p018,Qwen/Qwen2.5-7B-Instruct::normal_04,C
p018,Qwen/Qwen2.5-7B-Instruct::normal_04,D
p019,Qwen/Qwen2.5-7B-Instruct::normal_01,A
p019,Qwen/Qwen2.5-7B-Instruct::normal_01,B
p019,Qwen/Qwen2.5-7B-Instruct::normal_01,C
p019,Qwen/Qwen2.5-7B-Instruct::normal_01,D
p019,Qwen/Qwen2.5-7B-Instruct::normal_02,A
p019,Qwen/Qwen2.5-7B-Instruct::normal_02,B
p019,Qwen/Qwen2.5-7B-Instruct::normal_02,C
p019,Qwen/Qwen2.5-7B-Instruct::normal_02,D
p019,Qwen/Qwen2.5-7B-Instruct::normal_03,A
p019,Qwen/Qwen2.5-7B-Instruct::normal_03,B
p019,Qwen/Qwen2.5-7B-Instruct::normal_03,C
p019,Qwen/Qwen2.5-7B-Instruct::normal_03,D
p019,Qwen/Qwen2.5-7B-Instruct::normal_04,A
p019,Qwen/Qwen2.5-7B-Instruct::normal_04,B
p019,Qwen/Qwen2.5-7B-Instruct::normal_04,C
p019,Qwen/Qwen2.5-7B-Instruct::normal_04,D
p020,Qwen/Qwen2.5-7B-Instruct::normal_01,A
p020,Qwen/Qwen2.5-7B-Instruct::normal_01,B
p020,Qwen/Qwen2.5-7B-Instruct::normal_01,C
p020,Qwen/Qwen2.5-7B-Instruct::normal_01,D
p020,Qwen/Qwen2.5-7B-Instruct::normal_02,A
p020,Qwen/Qwen2.5-7B-Instruct::normal_02,B
p020,Qwen/Qwen2.5-7B-Instruct::normal_02,C
p020,Qwen/Qwen2.5-7B-Instruct::normal_02,D
p020,Qwen/Qwen2.5-7B-Instruct::normal_03,A
p020,Qwen/Qwen2.5-7B-Instruct::normal_03,B
p020,Qwen/Qwen2.5-7B-Instruct::normal_03,C
p020,Qwen/Qwen2.5-7B-Instruct::normal_03,D
p020,Qwen/Qwen2.5-7B-Instruct::normal_04,A
p020,Qwen/Qwen2.5-7B-Instruct::normal_04,B
p020,Qwen/Qwen2.5-7B-Instruct::normal_04,C
p020,Qwen/Qwen2.5-7B-Instruct::normal_04,D
p021,Qwen/Qwen2.5-7B-Instruct::normal_01,A
p021,Qwen/Qwen2.5-7B-Instruct::normal_01,B
p021,Qwen/Qwen2.5-7B-Instruct::normal_01,C
p021,Qwen/Qwen2.5-7B-Instruct::normal_01,D
p021,Qwen/Qwen2.5-7B-Instruct::normal_02,A
p021,Qwen/Qwen2.5-7B-Instruct::normal_02,B
p021,Qwen/Qwen2.5-7B-Instruct::normal_02,C
p021,Qwen/Qwen2.5-7B-Instruct::normal_02,D
p021,Qwen/Qwen2.5-7B-Instruct::normal_03,A
p021,Qwen/Qwen2.5-7B-Instruct::normal_03,B
p021,Qwen/Qwen2.5-7B-Instruct::normal_03,C
p021,Qwen/Qwen2.5-7B-Instruct::normal_03,D
p021,Qwen/Qwen2.5-7B-Instruct::normal_04,A
p021,Qwen/Qwen2.5-7B-Instruct::normal_04,B
p021,Qwen/Qwen2.5-7B-Instruct::normal_04,C
p021,Qwen/Qwen2.5-7B-Instruct::normal_04,D
p022,Qwen/Qwen2.5-7B-Instruct::normal_01,A
p022,Qwen/Qwen2.5-7B-Instruct::normal_01,B
p022,Qwen/Qwen2.5-7B-Instruct::normal_01,C
p022,Qwen/Qwen2.5-7B-Instruct::normal_01,D
p022,Qwen/Qwen2.5-7B-Instruct::normal_02,A
p022,Qwen/Qwen2.5-7B-Instruct::normal_02,B
p022,Qwen/Qwen2.5-7B-Instruct::normal_02,C
p022,Qwen/Qwen2.5-7B-Instruct::normal_02,D
p022,Qwen/Qwen2.5-7B-Instruct::normal_03,A
p022,Qwen/Qwen2.5-7B-Instruct::normal_03,B
p022,Qwen/Qwen2.5-7B-Instruct::normal_03,C
p022,Qwen/Qwen2.5-7B-Instruct::normal_03,D
p022,Qwen/Qwen2.5-7B-Instruct::normal_04,A
p022,Qwen/Qwen2.5-7B-Instruct::normal_04,B
p022,Qwen/Qwen2.5-7B-Instruct::normal_04,C
p022,Qwen/Qwen2.5-7B-Instruct::normal_04,D
p023,Qwen/Qwen2.5-7B-Instruct::normal_01,A
p023,Qwen/Qwen2.5-7B-Instruct::normal_01,B
p023,Qwen/Qwen2.5-7B-Instruct::normal_01,C
p023,Qwen/Qwen2.5-7B-Instruct::normal_01,D
p023,Qwen/Qwen2.5-7B-Instruct::normal_02,A
p023,Qwen/Qwen2.5-7B-Instruct::normal_02,B
p023,Qwen/Qwen2.5-7B-Instruct::normal_02,C
p023,Qwen/Qwen2.5-7B-Instruct::normal_02,D
p023,Qwen/Qwen2.5-7B-Instruct::normal_03,A
p023,Qwen/Qwen2.5-7B-Instruct::normal_03,B
p023,Qwen/Qwen2.5-7B-Instruct::normal_03,C
p023,Qwen/Qwen2.5-7B-Instruct::normal_03,D
p023,Qwen/Qwen2.5-7B-Instruct::normal_04,A
p023,Qwen/Qwen2.5-7B-Instruct::normal_04,B
p023,Qwen/Qwen2.5-7B-Instruct::normal_04,C
p023,Qwen/Qwen2.5-7B-Instruct::normal_04,D
p024,Qwen/Qwen2.5-7B-Instruct::normal_01,A
p024,Qwen/Qwen2.5-7B-Instruct::normal_01,B
p024,Qwen/Qwen2.5-7B-Instruct::normal_01,C
p024,Qwen/Qwen2.5-7B-Instruct::normal_01,D
p024,Qwen/Qwen2.5-7B-Instruct::normal_02,A
p024,Qwen/Qwen2.5-7B-Instruct::normal_02,B
p024,Qwen/Qwen2.5-7B-Instruct::normal_02,C
p024,Qwen/Qwen2.5-7B-Instruct::normal_02,D
p024,Qwen/Qwen2.5-7B-Instruct::normal_03,A
p024,Qwen/Qwen2.5-7B-Instruct::normal_03,B
p024,Qwen/Qwen2.5-7B-Instruct::normal_03,C
p024,Qwen/Qwen2.5-7B-Instruct::normal_03,D
p024,Qwen/Qwen2.5-7B-Instruct::normal_04,A
p024,Qwen/Qwen2.5-7B-Instruct::normal_04,B
p024,Qwen/Qwen2.5-7B-Instruct::normal_04,C
p024,Qwen/Qwen2.5-7B-Instruct::normal_04,D
p025,Qwen/Qwen2.5-7B-Instruct::normal_01,A
p025,Qwen/Qwen2.5-7B-Instruct::normal_01,B
p025,Qwen/Qwen2.5-7B-Instruct::normal_01,C
p025,Qwen/Qwen2.5-7B-Instruct::normal_01,D
p025,Qwen/Qwen2.5-7B-Instruct::normal_02,A
p025,Qwen/Qwen2.5-7B-Instruct::normal_02,B
p025,Qwen/Qwen2.5-7B-Instruct::normal_02,C
p025,Qwen/Qwen2.5-7B-Instruct::normal_02,D
p025,Qwen/Qwen2.5-7B-Instruct::normal_03,A
p025,Qwen/Qwen2.5-7B-Instruct::normal_03,B
p025,Qwen/Qwen2.5-7B-Instruct::normal_03,C
p025,Qwen/Qwen2.5-7B-Instruct::normal_03,D
p025,Qwen/Qwen2.5-7B-Instruct::normal_04,A
p025,Qwen/Qwen2.5-7B-Instruct::normal_04,B
p025,Qwen/Qwen2.5-7B-Instruct::normal_04,C
p025,Qwen/Qwen2.5-7B-Instruct::normal_04,D
p026,Qwen/Qwen2.5-7B-Instruct::normal_01,A
p026,Qwen/Qwen2.5-7B-Instruct::normal_01,B
p026,Qwen/Qwen2.5-7B-Instruct::normal_01,C
p026,Qwen/Qwen2.5-7B-Instruct::normal_01,D
p026,Qwen/Qwen2.5-7B-Instruct::normal_02,A
p026,Qwen/Qwen2.5-7B-Instruct::normal_02,B
p026,Qwen/Qwen2.5-7B-Instruct::normal_02,C
p026,Qwen/Qwen2.5-7B-Instruct::normal_02,D
p026,Qwen/Qwen2.5-7B-Instruct::normal_03,A
p026,Qwen/Qwen2.5-7B-Instruct::normal_03,B
p026,Qwen/Qwen2.5-7B-Instruct::normal_03,C
p026,Qwen/Qwen2.5-7B-Instruct::normal_03,D
p026,Qwen/Qwen2.5-7B-Instruct::normal_04,A
p026,Qwen/Qwen2.5-7B-Instruct::normal_04,B
p026,Qwen/Qwen2.5-7B-Instruct::normal_04,C
p026,Qwen/Qwen2.5-7B-Instruct::normal_04,D
p027,Qwen/Qwen2.5-7B-Instruct::normal_01,A
p027,Qwen/Qwen2.5-7B-Instruct::normal_01,B
p027,Qwen/Qwen2.5-7B-Instruct::normal_01,C
p027,Qwen/Qwen2.5-7B-Instruct::normal_01,D
p027,Qwen/Qwen2.5-7B-Instruct::normal_02,A
p027,Qwen/Qwen2.5-7B-Instruct::normal_02,B
p027,Qwen/Qwen2.5-7B-Instruct::normal_02,C
p027,Qwen/Qwen2.5-7B-Instruct::normal_02,D
p027,Qwen/Qwen2.5-7B-Instruct::normal_03,A
p027,Qwen/Qwen2.5-7B-Instruct::normal_03,B
p027,Qwen/Qwen2.5-7B-Instruct::normal_03,C
p027,Qwen/Qwen2.5-7B-Instruct::normal_03,D
p027,Qwen/Qwen2.5-7B-Instruct::normal_04,A
p027,Qwen/Qwen2.5-7B-Instruct::normal_04,B
p027,Qwen/Qwen2.5-7B-Instruct::normal_04,C
p027,Qwen/Qwen2.5-7B-Instruct::normal_04,D
p028,Qwen/Qwen2.5-7B-Instruct::normal_01,A
p028,Qwen/Qwen2.5-7B-Instruct::normal_01,B
p028,Qwen/Qwen2.5-7B-Instruct::normal_01,C
p028,Qwen/Qwen2.5-7B-Instruct::normal_01,D
p028,Qwen/Qwen2.5-7B-Instruct::normal_02,A
p028,Qwen/Qwen2.5-7B-Instruct::normal_02,B
p028,Qwen/Qwen2.5-7B-Instruct::normal_02,C
p028,Qwen/Qwen2.5-7B-Instruct::normal_02,D
p028,Qwen/Qwen2.5-7B-Instruct::normal_03,A
p028,Qwen/Qwen2.5-7B-Instruct::normal_03,B
p028,Qwen/Qwen2.5-7B-Instruct::normal_03,C
p028,Qwen/Qwen2.5-7B-Instruct::normal_03,D
p028,Qwen/Qwen2.5-7B-Instruct::normal_04,A
p028,Qwen/Qwen2.5-7B-Instruct::normal_04,B
p028,Qwen/Qwen2.5-7B-Instruct::normal_04,C
p028,Qwen/Qwen2.5-7B-Instruct::normal_04,D
p029,Qwen/Qwen2.5-7B-Instruct::normal_01,A
p029,Qwen/Qwen2.5-7B-Instruct::normal_01,B
p029,Qwen/Qwen2.5-7B-Instruct::normal_01,C
p029,Qwen/Qwen2.5-7B-Instruct::normal_01,D
p029,Qwen/Qwen2.5-7B-Instruct::normal_02,A
p029,Qwen/Qwen2.5-7B-Instruct::normal_02,B
p029,Qwen/Qwen2.5-7B-Instruct::normal_02,C
p029,Qwen/Qwen2.5-7B-Instruct::normal_02,D
p029,Qwen/Qwen2.5-7B-Instruct::normal_03,A
p029,Qwen/Qwen2.5-7B-Instruct::normal_03,B
p029,Qwen/Qwen2.5-7B-Instruct::normal_03,C
p029,Qwen/Qwen2.5-7B-Instruct::normal_03,D
p029,Qwen/Qwen2.5-7B-Instruct::normal_04,A
p029,Qwen/Qwen2.5-7B-Instruct::normal_04,B
p029,Qwen/Qwen2.5-7B-Instruct::normal_04,C
p029,Qwen/Qwen2.5-7B-Instruct::normal_04,D
p030,Qwen/Qwen2.5-7B-Instruct::normal_01,A
p030,Qwen/Qwen2.5-7B-Instruct::normal_01,B
p030,Qwen/Qwen2.5-7B-Instruct::normal_01,C
p030,Qwen/Qwen2.5-7B-Instruct::normal_01,D
p030,Qwen/Qwen2.5-7B-Instruct::normal_02,A
p030,Qwen/Qwen2.5-7B-Instruct::normal_02,B
p030,Qwen/Qwen2.5-7B-Instruct::normal_02,C
p030,Qwen/Qwen2.5-7B-Instruct::normal_02,D
p030,Qwen/Qwen2.5-7B-Instruct::normal_03,A
p030,Qwen/Qwen2.5-7B-Instruct::normal_03,B
p030,Qwen/Qwen2.5-7B-Instruct::normal_03,C
p030,Qwen/Qwen2.5-7B-Instruct::normal_03,D
p030,Qwen/Qwen2.5-7B-Instruct::normal_04,A
p030,Qwen/Qwen2.5-7B-Instruct::normal_04,B
p030,Qwen/Qwen2.5-7B-Instruct::normal_04,C
p030,Qwen/Qwen2.5-7B-Instruct::normal_04,D
p031,Qwen/Qwen2.5-7B-Instruct::normal_01,A
p031,Qwen/Qwen2.5-7B-Instruct::normal_01,B
p031,Qwen/Qwen2.5-7B-Instruct::normal_01,C
p031,Qwen/Qwen2.5-7B-Instruct::normal_01,D
p031,Qwen/Qwen2.5-7B-Instruct::normal_02,A
p031,Qwen/Qwen2.5-7B-Instruct::normal_02,B
p031,Qwen/Qwen2.5-7B-Instruct::normal_02,C
p031,Qwen/Qwen2.5-7B-Instruct::normal_02,D
p031,Qwen/Qwen2.5-7B-Instruct::normal_03,A
p031,Qwen/Qwen2.5-7B-Instruct::normal_03,B
p031,Qwen/Qwen2.5-7B-Instruct::normal_03,C
p031,Qwen/Qwen2.5-7B-Instruct::normal_03,D
p031,Qwen/Qwen2.5-7B-Instruct::normal_04,A
p031,Qwen/Qwen2.5-7B-Instruct::normal_04,B
p031,Qwen/Qwen2.5-7B-Instruct::normal_04,C
p031,Qwen/Qwen2.5-7B-Instruct::normal_04,D
p032,Qwen/Qwen2.5-7B-Instruct::normal_01,A
p032,Qwen/Qwen2.5-7B-Instruct::normal_01,B
p032,Qwen/Qwen2.5-7B-Instruct::normal_01,C
p032,Qwen/Qwen2.5-7B-Instruct::normal_01,D
p032,Qwen/Qwen2.5-7B-Instruct::normal_02,A
p032,Qwen/Qwen2.5-7B-Instruct::normal_02,B
p032,Qwen/Qwen2.5-7B-Instruct::normal_02,C
p032,Qwen/Qwen2.5-7B-Instruct::normal_02,D
p032,Qwen/Qwen2.5-7B-Instruct::normal_03,A
p032,Qwen/Qwen2.5-7B-Instruct::normal_03,B
p032,Qwen/Qwen2.5-7B-Instruct::normal_03,C
p032,Qwen/Qwen2.5-7B-Instruct::normal_03,D
p032,Qwen/Qwen2.5-7B-Instruct::normal_04,A
p032,Qwen/Qwen2.5-7B-Instruct::normal_04,B
p032,Qwen/Qwen2.5-7B-Instruct::normal_04,C
p032,Qwen/Qwen2.5-7B-Instruct::normal_04,D
p033,Qwen/Qwen2.5-7B-Instruct::normal_01,A
p033,Qwen/Qwen2.5-7B-Instruct::normal_01,B
p033,Qwen/Qwen2.5-7B-Instruct::normal_01,C
p033,Qwen/Qwen2.5-7B-Instruct::normal_01,D
p033,Qwen/Qwen2.5-7B-Instruct::normal_02,A
p033,Qwen/Qwen2.5-7B-Instruct::normal_02,B
p033,Qwen/Qwen2.5-7B-Instruct::normal_02,C
p033,Qwen/Qwen2.5-7B-Instruct::normal_02,D
p033,Qwen/Qwen2.5-7B-Instruct::normal_03,A
p033,Qwen/Qwen2.5-7B-Instruct::normal_03,B
p033,Qwen/Qwen2.5-7B-Instruct::normal_03,C
p033,Qwen/Qwen2.5-7B-Instruct::normal_03,D
p033,Qwen/Qwen2.5-7B-Instruct::normal_04,A
p033,Qwen/Qwen2.5-7B-Instruct::normal_04,B
p033,Qwen/Qwen2.5-7B-Instruct::normal_04,C
p033,Qwen/Qwen2.5-7B-Instruct::normal_04,D
p034,Qwen/Qwen2.5-7B-Instruct::normal_01,A
p034,Qwen/Qwen2.5-7B-Instruct::normal_01,B
p034,Qwen/Qwen2.5-7B-Instruct::normal_01,C
p034,Qwen/Qwen2.5-7B-Instruct::normal_01,D
p034,Qwen/Qwen2.5-7B-Instruct::normal_02,A
p034,Qwen/Qwen2.5-7B-Instruct::normal_02,B
p034,Qwen/Qwen2.5-7B-Instruct::normal_02,C
p034,Qwen/Qwen2.5-7B-Instruct::normal_02,D
p034,Qwen/Qwen2.5-7B-Instruct::normal_03,A
p034,Qwen/Qwen2.5-7B-Instruct::normal_03,B
p034,Qwen/Qwen2.5-7B-Instruct::normal_03,C
p034,Qwen/Qwen2.5-7B-Instruct::normal_03,D
p034,Qwen/Qwen2.5-7B-Instruct::normal_04,A
p034,Qwen/Qwen2.5-7B-Instruct::normal_04,B
p034,Qwen/Qwen2.5-7B-Instruct::normal_04,C
p034,Qwen/Qwen2.5-7B-Instruct::normal_04,D
p035,Qwen/Qwen2.5-7B-Instruct::normal_01,A
p035,Qwen/Qwen2.5-7B-Instruct::normal_01,B
p035,Qwen/Qwen2.5-7B-Instruct::normal_01,C
p035,Qwen/Qwen2.5-7B-Instruct::normal_01,D
p035,Qwen/Qwen2.5-7B-Instruct::normal_02,A
p035,Qwen/Qwen2.5-7B-Instruct::normal_02,B
p035,Qwen/Qwen2.5-7B-Instruct::normal_02,C
p035,Qwen/Qwen2.5-7B-Instruct::normal_02,D
p035,Qwen/Qwen2.5-7B-Instruct::normal_03,A
p035,Qwen/Qwen2.5-7B-Instruct::normal_03,B
p035,Qwen/Qwen2.5-7B-Instruct::normal_03,C
p035,Qwen/Qwen2.5-7B-Instruct::normal_03,D
p035,Qwen/Qwen2.5-7B-Instruct::normal_04,A
p035,Qwen/Qwen2.5-7B-Instruct::normal_04,B
p035,Qwen/Qwen2.5-7B-Instruct::normal_04,C
p035,Qwen/Qwen2.5-7B-Instruct::normal_04,D
p036,Qwen/Qwen2.5-7B-Instruct::normal_01,A
p036,Qwen/Qwen2.5-7B-Instruct::normal_01,B
p036,Qwen/Qwen2.5-7B-Instruct::normal_01,C
p036,Qwen/Qwen2.5-7B-Instruct::normal_01,D
p036,Qwen/Qwen2.5-7B-Instruct::normal_02,A
p036,Qwen/Qwen2.5-7B-Instruct::normal_02,B
p036,Qwen/Qwen2.5-7B-Instruct::normal_02,C
p036,Qwen/Qwen2.5-7B-Instruct::normal_02,D
p036,Qwen/Qwen2.5-7B-Instruct::normal_03,A
p036,Qwen/Qwen2.5-7B-Instruct::normal_03,B
p036,Qwen/Qwen2.5-7B-Instruct::normal_03,C
p036,Qwen/Qwen2.5-7B-Instruct::normal_03,D
p036,Qwen/Qwen2.5-7B-Instruct::normal_04,A
p036,Qwen/Qwen2.5-7B-Instruct::normal_04,B
p036,Qwen/Qwen2.5-7B-Instruct::normal_04,C
p036,Qwen/Qwen2.5-7B-Instruct::normal_04,D
p037,Qwen/Qwen2.5-7B-Instruct::normal_01,A
p037,Qwen/Qwen2.5-7B-Instruct::normal_01,B
p037,Qwen/Qwen2.5-7B-Instruct::normal_01,C
p037,Qwen/Qwen2.5-7B-Instruct::normal_01,D
p037,Qwen/Qwen2.5-7B-Instruct::normal_02,A
p037,Qwen/Qwen2.5-7B-Instruct::normal_02,B
p037,Qwen/Qwen2.5-7B-Instruct::normal_02,C
p037,Qwen/Qwen2.5-7B-Instruct::normal_02,D
p037,Qwen/Qwen2.5-7B-Instruct::normal_03,A
p037,Qwen/Qwen2.5-7B-Instruct::normal_03,B
p037,Qwen/Qwen2.5-7B-Instruct::normal_03,C
p037,Qwen/Qwen2.5-7B-Instruct::normal_03,D
p038,Qwen/Qwen2.5-7B-Instruct::normal_01,A
p038,Qwen/Qwen2.5-7B-Instruct::normal_01,B
p038,Qwen/Qwen2.5-7B-Instruct::normal_01,C
p038,Qwen/Qwen2.5-7B-Instruct::normal_01,D
p038,Qwen/Qwen2.5-7B-Instruct::normal_02,A
p038,Qwen/Qwen2.5-7B-Instruct::normal_02,B
p038,Qwen/Qwen2.5-7B-Instruct::normal_02,C
p038,Qwen/Qwen2.5-7B-Instruct::normal_02,D
p038,Qwen/Qwen2.5-7B-Instruct::normal_03,A
p038,Qwen/Qwen2.5-7B-Instruct::normal_03,B
p038,Qwen/Qwen2.5-7B-Instruct::normal_03,C
p038,Qwen/Qwen2.5-7B-Instruct::normal_03,D
p038,Qwen/Qwen2.5-7B-Instruct::normal_04,A
p038,Qwen/Qwen2.5-7B-Instruct::normal_04,B
p038,Qwen/Qwen2.5-7B-Instruct::normal_04,C
p038,Qwen/Qwen2.5-7B-Instruct::normal_04,D
p039,Qwen/Qwen2.5-7B-Instruct::normal_01,A
p039,Qwen/Qwen2.5-7B-Instruct::normal_01,B
p039,Qwen/Qwen2.5-7B-Instruct::normal_01,C
p039,Qwen/Qwen2.5-7B-Instruct::normal_01,D
p039,Qwen/Qwen2.5-7B-Instruct::normal_02,A
p039,Qwen/Qwen2.5-7B-Instruct::normal_02,B
p039,Qwen/Qwen2.5-7B-Instruct::normal_02,C
p039,Qwen/Qwen2.5-7B-Instruct::normal_02,D
p039,Qwen/Qwen2.5-7B-Instruct::normal_03,A
p039,Qwen/Qwen2.5-7B-Instruct::normal_03,B
p039,Qwen/Qwen2.5-7B-Instruct::normal_03,C
p039,Qwen/Qwen2.5-7B-Instruct::normal_03,D
p039,Qwen/Qwen2.5-7B-Instruct::normal_04,A
p039,Qwen/Qwen2.5-7B-Instruct::normal_04,B
p039,Qwen/Qwen2.5-7B-Instruct::normal_04,C
p039,Qwen/Qwen2.5-7B-Instruct::normal_04,D
p040,Qwen/Qwen2.5-7B-Instruct::normal_01,A
p040,Qwen/Qwen2.5-7B-Instruct::normal_01,B
p040,Qwen/Qwen2.5-7B-Instruct::normal_01,C
p040,Qwen/Qwen2.5-7B-Instruct::normal_01,D
p040,Qwen/Qwen2.5-7B-Instruct::normal_02,A
p040,Qwen/Qwen2.5-7B-Instruct::normal_02,B
p040,Qwen/Qwen2.5-7B-Instruct::normal_02,C
p040,Qwen/Qwen2.5-7B-Instruct::normal_02,D
p040,Qwen/Qwen2.5-7B-Instruct::normal_03,A
p040,Qwen/Qwen2.5-7B-Instruct::normal_03,B
p040,Qwen/Qwen2.5-7B-Instruct::normal_03,C
p040,Qwen/Qwen2.5-7B-Instruct::normal_03,D
p040,Qwen/Qwen2.5-7B-Instruct::normal_04,A
p040,Qwen/Qwen2.5-7B-Instruct::normal_04,B
p040,Qwen/Qwen2.5-7B-Instruct::normal_04,C
p040,Qwen/Qwen2.5-7B-Instruct::normal_04,D
p041,Qwen/Qwen2.5-7B-Instruct::normal_01,A
p041,Qwen/Qwen2.5-7B-Instruct::normal_01,B
p041,Qwen/Qwen2.5-7B-Instruct::normal_01,C
p041,Qwen/Qwen2.5-7B-Instruct::normal_01,D
p041,Qwen/Qwen2.5-7B-Instruct::normal_02,A
p041,Qwen/Qwen2.5-7B-Instruct::normal_02,B
p041,Qwen/Qwen2.5-7B-Instruct::normal_02,C
p041,Qwen/Qwen2.5-7B-Instruct::normal_02,D
p041,Qwen/Qwen2.5-7B-Instruct::normal_03,A
p041,Qwen/Qwen2.5-7B-Instruct::normal_03,B
p041,Qwen/Qwen2.5-7B-Instruct::normal_03,C
p041,Qwen/Qwen2.5-7B-Instruct::normal_03,D
p041,Qwen/Qwen2.5-7B-Instruct::normal_04,A
p041,Qwen/Qwen2.5-7B-Instruct::normal_04,B
p041,Qwen/Qwen2.5-7B-Instruct::normal_04,C
p041,Qwen/Qwen2.5-7B-Instruct::normal_04,D
p042,Qwen/Qwen2.5-7B-Instruct::normal_01,A
p042,Qwen/Qwen2.5-7B-Instruct::normal_01,B
p042,Qwen/Qwen2.5-7B-Instruct::normal_01,C
p042,Qwen/Qwen2.5-7B-Instruct::normal_01,D
p042,Qwen/Qwen2.5-7B-Instruct::normal_02,A
p042,Qwen/Qwen2.5-7B-Instruct::normal_02,B
p042,Qwen/Qwen2.5-7B-Instruct::normal_02,C
p042,Qwen/Qwen2.5-7B-Instruct::normal_02,D
p042,Qwen/Qwen2.5-7B-Instruct::normal_03,A
p042,Qwen/Qwen2.5-7B-Instruct::normal_03,B
p042,Qwen/Qwen2.5-7B-Instruct::normal_03,C
p042,Qwen/Qwen2.5-7B-Instruct::normal_03,D
p042,Qwen/Qwen2.5-7B-Instruct::normal_04,A
p042,Qwen/Qwen2.5-7B-Instruct::normal_04,B
p042,Qwen/Qwen2.5-7B-Instruct::normal_04,C
p042,Qwen/Qwen2.5-7B-Instruct::normal_04,D
p043,Qwen/Qwen2.5-7B-Instruct::normal_01,A
p043,Qwen/Qwen2.5-7B-Instruct::normal_01,B
p043,Qwen/Qwen2.5-7B-Instruct::normal_01,C
p043,Qwen/Qwen2.5-7B-Instruct::normal_01,D
p043,Qwen/Qwen2.5-7B-Instruct::normal_02,A
p043,Qwen/Qwen2.5-7B-Instruct::normal_02,B
p043,Qwen/Qwen2.5-7B-Instruct::normal_02,C
p043,Qwen/Qwen2.5-7B-Instruct::normal_02,D
p043,Qwen/Qwen2.5-7B-Instruct::normal_03,A
p043,Qwen/Qwen2.5-7B-Instruct::normal_03,B
p043,Qwen/Qwen2.5-7B-Instruct::normal_03,C
p043,Qwen/Qwen2.5-7B-Instruct::normal_03,D
p043,Qwen/Qwen2.5-7B-Instruct::normal_04,A
p043,Qwen/Qwen2.5-7B-Instruct::normal_04,B
p043,Qwen/Qwen2.5-7B-Instruct::normal_04,C
p043,Qwen/Qwen2.5-7B-Instruct::normal_04,D
p044,Qwen/Qwen2.5-7B-Instruct::normal_01,A
p044,Qwen/Qwen2.5-7B-Instruct::normal_01,B
p044,Qwen/Qwen2.5-7B-Instruct::normal_01,C
p044,Qwen/Qwen2.5-7B-Instruct::normal_01,D
p044,Qwen/Qwen2.5-7B-Instruct::normal_02,A
p044,Qwen/Qwen2.5-7B-Instruct::normal_02,B
p044,Qwen/Qwen2.5-7B-Instruct::normal_02,C
p044,Qwen/Qwen2.5-7B-Instruct::normal_02,D
p044,Qwen/Qwen2.5-7B-Instruct::normal_03,A
p044,Qwen/Qwen2.5-7B-Instruct::normal_03,B
p044,Qwen/Qwen2.5-7B-Instruct::normal_03,C
p044,Qwen/Qwen2.5-7B-Instruct::normal_03,D
p044,Qwen/Qwen2.5-7B-Instruct::normal_04,A
p044,Qwen/Qwen2.5-7B-Instruct::normal_04,B
p044,Qwen/Qwen2.5-7B-Instruct::normal_04,C
p044,Qwen/Qwen2.5-7B-Instruct::normal_04,D
p045,Qwen/Qwen2.5-7B-Instruct::normal_01,A
p045,Qwen/Qwen2.5-7B-Instruct::normal_01,B
p045,Qwen/Qwen2.5-7B-Instruct::normal_01,C
p045,Qwen/Qwen2.5-7B-Instruct::normal_01,D
p045,Qwen/Qwen2.5-7B-Instruct::normal_02,A
p045,Qwen/Qwen2.5-7B-Instruct::normal_02,B
p045,Qwen/Qwen2.5-7B-Instruct::normal_02,C
p045,Qwen/Qwen2.5-7B-Instruct::normal_02,D
p045,Qwen/Qwen2.5-7B-Instruct::normal_03,A
p045,Qwen/Qwen2.5-7B-Instruct::normal_03,B
p045,Qwen/Qwen2.5-7B-Instruct::normal_03,C
p045,Qwen/Qwen2.5-7B-Instruct::normal_03,D
p045,Qwen/Qwen2.5-7B-Instruct::normal_04,A
p045,Qwen/Qwen2.5-7B-Instruct::normal_04,B
p045,Qwen/Qwen2.5-7B-Instruct::normal_04,C
p045,Qwen/Qwen2.5-7B-Instruct::normal_04,D
p046,Qwen/Qwen2.5-7B-Instruct::normal_01,A
p046,Qwen/Qwen2.5-7B-Instruct::normal_01,B
p046,Qwen/Qwen2.5-7B-Instruct::normal_01,C
p046,Qwen/Qwen2.5-7B-Instruct::normal_01,D
p046,Qwen/Qwen2.5-7B-Instruct::normal_02,A
p046,Qwen/Qwen2.5-7B-Instruct::normal_02,B
p046,Qwen/Qwen2.5-7B-Instruct::normal_02,C
p046,Qwen/Qwen2.5-7B-Instruct::normal_02,D
p046,Qwen/Qwen2.5-7B-Instruct::normal_03,A
p046,Qwen/Qwen2.5-7B-Instruct::normal_03,B
p046,Qwen/Qwen2.5-7B-Instruct::normal_03,C
p046,Qwen/Qwen2.5-7B-Instruct::normal_03,D
p046,Qwen/Qwen2.5-7B-Instruct::normal_04,A
p046,Qwen/Qwen2.5-7B-Instruct::normal_04,B
p046,Qwen/Qwen2.5-7B-Instruct::normal_04,C
p046,Qwen/Qwen2.5-7B-Instruct::normal_04,D
p047,Qwen/Qwen2.5-7B-Instruct::normal_01,A
p047,Qwen/Qwen2.5-7B-Instruct::normal_01,B
p047,Qwen/Qwen2.5-7B-Instruct::normal_01,C
p047,Qwen/Qwen2.5-7B-Instruct::normal_01,D
p047,Qwen/Qwen2.5-7B-Instruct::normal_02,A
p047,Qwen/Qwen2.5-7B-Instruct::normal_02,B
p047,Qwen/Qwen2.5-7B-Instruct::normal_02,C
p047,Qwen/Qwen2.5-7B-Instruct::normal_02,D
p047,Qwen/Qwen2.5-7B-Instruct::normal_03,A
p047,Qwen/Qwen2.5-7B-Instruct::normal_03,B
p047,Qwen/Qwen2.5-7B-Instruct::normal_03,C
p047,Qwen/Qwen2.5-7B-Instruct::normal_03,D
p047,Qwen/Qwen2.5-7B-Instruct::normal_04,A
p047,Qwen/Qwen2.5-7B-Instruct::normal_04,B
p047,Qwen/Qwen2.5-7B-Instruct::normal_04,C
p047,Qwen/Qwen2.5-7B-Instruct::normal_04,D
p048,Qwen/Qwen2.5-7B-Instruct::normal_01,A
p048,Qwen/Qwen2.5-7B-Instruct::normal_01,B
p048,Qwen/Qwen2.5-7B-Instruct::normal_01,C
p048,Qwen/Qwen2.5-7B-Instruct::normal_01,D
p048,Qwen/Qwen2.5-7B-Instruct::normal_03,A
p048,Qwen/Qwen2.5-7B-Instruct::normal_03,B
p048,Qwen/Qwen2.5-7B-Instruct::normal_03,C
p048,Qwen/Qwen2.5-7B-Instruct::normal_03,D
p048,Qwen/Qwen2.5-7B-Instruct::normal_04,A
p048,Qwen/Qwen2.5-7B-Instruct::normal_04,B
p048,Qwen/Qwen2.5-7B-Instruct::normal_04,C
p048,Qwen/Qwen2.5-7B-Instruct::normal_04,D
p049,Qwen/Qwen2.5-7B-Instruct::normal_01,A
p049,Qwen/Qwen2.5-7B-Instruct::normal_01,B
p049,Qwen/Qwen2.5-7B-Instruct::normal_01,C
p049,Qwen/Qwen2.5-7B-Instruct::normal_01,D
p049,Qwen/Qwen2.5-7B-Instruct::normal_02,A
p049,Qwen/Qwen2.5-7B-Instruct::normal_02,B
p049,Qwen/Qwen2.5-7B-Instruct::normal_02,C
p049,Qwen/Qwen2.5-7B-Instruct::normal_02,D
p049,Qwen/Qwen2.5-7B-Instruct::normal_03,A
p049,Qwen/Qwen2.5-7B-Instruct::normal_03,B
p049,Qwen/Qwen2.5-7B-Instruct::normal_03,C
p049,Qwen/Qwen2.5-7B-Instruct::normal_03,D
p049,Qwen/Qwen2.5-7B-Instruct::normal_04,A
p049,Qwen/Qwen2.5-7B-Instruct::normal_04,B
p049,Qwen/Qwen2.5-7B-Instruct::normal_04,C
p049,Qwen/Qwen2.5-7B-Instruct::normal_04,D
p050,Qwen/Qwen2.5-7B-Instruct::normal_02,A
p050,Qwen/Qwen2.5-7B-Instruct::normal_02,B
p050,Qwen/Qwen2.5-7B-Instruct::normal_02,C
p050,Qwen/Qwen2.5-7B-Instruct::normal_02,D
p050,Qwen/Qwen2.5-7B-Instruct::normal_03,A
p050,Qwen/Qwen2.5-7B-Instruct::normal_03,B
p050,Qwen/Qwen2.5-7B-Instruct::normal_03,C
p050,Qwen/Qwen2.5-7B-Instruct::normal_03,D
p050,Qwen/Qwen2.5-7B-Instruct::normal_04,A
p050,Qwen/Qwen2.5-7B-Instruct::normal_04,B
p050,Qwen/Qwen2.5-7B-Instruct::normal_04,C
p050,Qwen/Qwen2.5-7B-Instruct::normal_04,D
p051,Qwen/Qwen2.5-7B-Instruct::normal_01,A
p051,Qwen/Qwen2.5-7B-Instruct::normal_01,B
p051,Qwen/Qwen2.5-7B-Instruct::normal_01,C
p051,Qwen/Qwen2.5-7B-Instruct::normal_01,D
p051,Qwen/Qwen2.5-7B-Instruct::normal_02,A
p051,Qwen/Qwen2.5-7B-Instruct::normal_02,B
p051,Qwen/Qwen2.5-7B-Instruct::normal_02,C
p051,Qwen/Qwen2.5-7B-Instruct::normal_02,D
p051,Qwen/Qwen2.5-7B-Instruct::normal_03,A
p051,Qwen/Qwen2.5-7B-Instruct::normal_03,B
p051,Qwen/Qwen2.5-7B-Instruct::normal_03,C
p051,Qwen/Qwen2.5-7B-Instruct::normal_03,D
p051,Qwen/Qwen2.5-7B-Instruct::normal_04,A
p051,Qwen/Qwen2.5-7B-Instruct::normal_04,B
p051,Qwen/Qwen2.5-7B-Instruct::normal_04,C
p051,Qwen/Qwen2.5-7B-Instruct::normal_04,D
p052,Qwen/Qwen2.5-7B-Instruct::normal_01,A
p052,Qwen/Qwen2.5-7B-Instruct::normal_01,B
p052,Qwen/Qwen2.5-7B-Instruct::normal_01,C
p052,Qwen/Qwen2.5-7B-Instruct::normal_01,D
p052,Qwen/Qwen2.5-7B-Instruct::normal_02,A
p052,Qwen/Qwen2.5-7B-Instruct::normal_02,B
p052,Qwen/Qwen2.5-7B-Instruct::normal_02,C
p052,Qwen/Qwen2.5-7B-Instruct::normal_02,D
p052,Qwen/Qwen2.5-7B-Instruct::normal_03,A
p052,Qwen/Qwen2.5-7B-Instruct::normal_03,B
p052,Qwen/Qwen2.5-7B-Instruct::normal_03,C
p052,Qwen/Qwen2.5-7B-Instruct::normal_03,D
p052,Qwen/Qwen2.5-7B-Instruct::normal_04,A
p052,Qwen/Qwen2.5-7B-Instruct::normal_04,B
p052,Qwen/Qwen2.5-7B-Instruct::normal_04,C
p052,Qwen/Qwen2.5-7B-Instruct::normal_04,D
p053,Qwen/Qwen2.5-7B-Instruct::normal_01,A
p053,Qwen/Qwen2.5-7B-Instruct::normal_01,B
p053,Qwen/Qwen2.5-7B-Instruct::normal_01,C
p053,Qwen/Qwen2.5-7B-Instruct::normal_01,D
p053,Qwen/Qwen2.5-7B-Instruct::normal_02,A
p053,Qwen/Qwen2.5-7B-Instruct::normal_02,B
p053,Qwen/Qwen2.5-7B-Instruct::normal_02,C
p053,Qwen/Qwen2.5-7B-Instruct::normal_02,D
p053,Qwen/Qwen2.5-7B-Instruct::normal_03,A
p053,Qwen/Qwen2.5-7B-Instruct::normal_03,B
p053,Qwen/Qwen2.5-7B-Instruct::normal_03,C
p053,Qwen/Qwen2.5-7B-Instruct::normal_03,D
p053,Qwen/Qwen2.5-7B-Instruct::normal_04,A
p053,Qwen/Qwen2.5-7B-Instruct::normal_04,B
p053,Qwen/Qwen2.5-7B-Instruct::normal_04,C
p053,Qwen/Qwen2.5-7B-Instruct::normal_04,D
p054,Qwen/Qwen2.5-7B-Instruct::normal_01,A
p054,Qwen/Qwen2.5-7B-Instruct::normal_01,B
p054,Qwen/Qwen2.5-7B-Instruct::normal_01,C
p054,Qwen/Qwen2.5-7B-Instruct::normal_01,D
p054,Qwen/Qwen2.5-7B-Instruct::normal_02,A
p054,Qwen/Qwen2.5-7B-Instruct::normal_02,B
p054,Qwen/Qwen2.5-7B-Instruct::normal_02,C
p054,Qwen/Qwen2.5-7B-Instruct::normal_02,D
p054,Qwen/Qwen2.5-7B-Instruct::normal_03,A
p054,Qwen/Qwen2.5-7B-Instruct::normal_03,B
p054,Qwen/Qwen2.5-7B-Instruct::normal_03,C
p054,Qwen/Qwen2.5-7B-Instruct::normal_03,D
p054,Qwen/Qwen2.5-7B-Instruct::normal_04,A
p054,Qwen/Qwen2.5-7B-Instruct::normal_04,B
p054,Qwen/Qwen2.5-7B-Instruct::normal_04,C
p054,Qwen/Qwen2.5-7B-Instruct::normal_04,D
p055,Qwen/Qwen2.5-7B-Instruct::normal_01,A
p055,Qwen/Qwen2.5-7B-Instruct::normal_01,B
p055,Qwen/Qwen2.5-7B-Instruct::normal_01,C
p055,Qwen/Qwen2.5-7B-Instruct::normal_01,D
p055,Qwen/Qwen2.5-7B-Instruct::normal_02,A
p055,Qwen/Qwen2.5-7B-Instruct::normal_02,B
p055,Qwen/Qwen2.5-7B-Instruct::normal_02,C
p055,Qwen/Qwen2.5-7B-Instruct::normal_02,D
p055,Qwen/Qwen2.5-7B-Instruct::normal_03,A
p055,Qwen/Qwen2.5-7B-Instruct::normal_03,B
p055,Qwen/Qwen2.5-7B-Instruct::normal_03,C
p055,Qwen/Qwen2.5-7B-Instruct::normal_03,D
p055,Qwen/Qwen2.5-7B-Instruct::normal_04,A
p055,Qwen/Qwen2.5-7B-Instruct::normal_04,B
p055,Qwen/Qwen2.5-7B-Instruct::normal_04,C
p055,Qwen/Qwen2.5-7B-Instruct::normal_04,D
p056,Qwen/Qwen2.5-7B-Instruct::normal_01,A
p056,Qwen/Qwen2.5-7B-Instruct::normal_01,B
p056,Qwen/Qwen2.5-7B-Instruct::normal_01,C
p056,Qwen/Qwen2.5-7B-Instruct::normal_01,D
p056,Qwen/Qwen2.5-7B-Instruct::normal_02,A
p056,Qwen/Qwen2.5-7B-Instruct::normal_02,B
p056,Qwen/Qwen2.5-7B-Instruct::normal_02,C
p056,Qwen/Qwen2.5-7B-Instruct::normal_02,D
p056,Qwen/Qwen2.5-7B-Instruct::normal_03,A
p056,Qwen/Qwen2.5-7B-Instruct::normal_03,B
p056,Qwen/Qwen2.5-7B-Instruct::normal_03,C
p056,Qwen/Qwen2.5-7B-Instruct::normal_03,D
p056,Qwen/Qwen2.5-7B-Instruct::normal_04,A
p056,Qwen/Qwen2.5-7B-Instruct::normal_04,B
p056,Qwen/Qwen2.5-7B-Instruct::normal_04,C
p056,Qwen/Qwen2.5-7B-Instruct::normal_04,D
p057,Qwen/Qwen2.5-7B-Instruct::normal_01,A
p057,Qwen/Qwen2.5-7B-Instruct::normal_01,B
p057,Qwen/Qwen2.5-7B-Instruct::normal_01,C
p057,Qwen/Qwen2.5-7B-Instruct::normal_01,D
p057,Qwen/Qwen2.5-7B-Instruct::normal_02,A
p057,Qwen/Qwen2.5-7B-Instruct::normal_02,B
p057,Qwen/Qwen2.5-7B-Instruct::normal_02,C
p057,Qwen/Qwen2.5-7B-Instruct::normal_02,D
p057,Qwen/Qwen2.5-7B-Instruct::normal_04,A
p057,Qwen/Qwen2.5-7B-Instruct::normal_04,B
p057,Qwen/Qwen2.5-7B-Instruct::normal_04,C
p057,Qwen/Qwen2.5-7B-Instruct::normal_04,D
p058,Qwen/Qwen2.5-7B-Instruct::normal_01,A
p058,Qwen/Qwen2.5-7B-Instruct::normal_01,B
p058,Qwen/Qwen2.5-7B-Instruct::normal_01,C
p058,Qwen/Qwen2.5-7B-Instruct::normal_01,D
p058,Qwen/Qwen2.5-7B-Instruct::normal_02,A
p058,Qwen/Qwen2.5-7B-Instruct::normal_02,B
p058,Qwen/Qwen2.5-7B-Instruct::normal_02,C
p058,Qwen/Qwen2.5-7B-Instruct::normal_02,D
p058,Qwen/Qwen2.5-7B-Instruct::normal_04,A
p058,Qwen/Qwen2.5-7B-Instruct::normal_04,B
p058,Qwen/Qwen2.5-7B-Instruct::normal_04,C
p058,Qwen/Qwen2.5-7B-Instruct::normal_04,D
p059,Qwen/Qwen2.5-7B-Instruct::normal_01,A
p059,Qwen/Qwen2.5-7B-Instruct::normal_01,B
p059,Qwen/Qwen2.5-7B-Instruct::normal_01,C
p059,Qwen/Qwen2.5-7B-Instruct::normal_01,D
p059,Qwen/Qwen2.5-7B-Instruct::normal_02,A
p059,Qwen/Qwen2.5-7B-Instruct::normal_02,B
p059,Qwen/Qwen2.5-7B-Instruct::normal_02,C
p059,Qwen/Qwen2.5-7B-Instruct::normal_02,D
p059,Qwen/Qwen2.5-7B-Instruct::normal_03,A
p059,Qwen/Qwen2.5-7B-Instruct::normal_03,B
p059,Qwen/Qwen2.5-7B-Instruct::normal_03,C
p059,Qwen/Qwen2.5-7B-Instruct::normal_03,D
p059,Qwen/Qwen2.5-7B-Instruct::normal_04,A
p059,Qwen/Qwen2.5-7B-Instruct::normal_04,B
p059,Qwen/Qwen2.5-7B-Instruct::normal_04,C
p059,Qwen/Qwen2.5-7B-Instruct::normal_04,D
p060,Qwen/Qwen2.5-7B-Instruct::normal_01,A
p060,Qwen/Qwen2.5-7B-Instruct::normal_01,B
p060,Qwen/Qwen2.5-7B-Instruct::normal_01,C
p060,Qwen/Qwen2.5-7B-Instruct::normal_01,D
p060,Qwen/Qwen2.5-7B-Instruct::normal_02,A
p060,Qwen/Qwen2.5-7B-Instruct::normal_02,B
p060,Qwen/Qwen2.5-7B-Instruct::normal_02,C
p060,Qwen/Qwen2.5-7B-Instruct::normal_02,D
p060,Qwen/Qwen2.5-7B-Instruct::normal_03,A
p060,Qwen/Qwen2.5-7B-Instruct::normal_03,B
p060,Qwen/Qwen2.5-7B-Instruct::normal_03,C
p060,Qwen/Qwen2.5-7B-Instruct::normal_03,D
p060,Qwen/Qwen2.5-7B-Instruct::normal_04,A
p060,Qwen/Qwen2.5-7B-Instruct::normal_04,B
p060,Qwen/Qwen2.5-7B-Instruct::normal_04,C
p060,Qwen/Qwen2.5-7B-Instruct::normal_04,D
p061,Qwen/Qwen2.5-7B-Instruct::normal_01,A
p061,Qwen/Qwen2.5-7B-Instruct::normal_01,B
p061,Qwen/Qwen2.5-7B-Instruct::normal_01,C
p061,Qwen/Qwen2.5-7B-Instruct::normal_01,D
p061,Qwen/Qwen2.5-7B-Instruct::normal_02,A
p061,Qwen/Qwen2.5-7B-Instruct::normal_02,B
p061,Qwen/Qwen2.5-7B-Instruct::normal_02,C
p061,Qwen/Qwen2.5-7B-Instruct::normal_02,D
p061,Qwen/Qwen2.5-7B-Instruct::normal_03,A
p061,Qwen/Qwen2.5-7B-Instruct::normal_03,B
p061,Qwen/Qwen2.5-7B-Instruct::normal_03,C
p061,Qwen/Qwen2.5-7B-Instruct::normal_03,D
p061,Qwen/Qwen2.5-7B-Instruct::normal_04,A
p061,Qwen/Qwen2.5-7B-Instruct::normal_04,B
p061,Qwen/Qwen2.5-7B-Instruct::normal_04,C
p061,Qwen/Qwen2.5-7B-Instruct::normal_04,D
p062,Qwen/Qwen2.5-7B-Instruct::normal_01,A
p062,Qwen/Qwen2.5-7B-Instruct::normal_01,B
p062,Qwen/Qwen2.5-7B-Instruct::normal_01,C
p062,Qwen/Qwen2.5-7B-Instruct::normal_01,D
p062,Qwen/Qwen2.5-7B-Instruct::normal_03,A
p062,Qwen/Qwen2.5-7B-Instruct::normal_03,B
p062,Qwen/Qwen2.5-7B-Instruct::normal_03,C
p062,Qwen/Qwen2.5-7B-Instruct::normal_03,D
p062,Qwen/Qwen2.5-7B-Instruct::normal_04,A
p062,Qwen/Qwen2.5-7B-Instruct::normal_04,B
p062,Qwen/Qwen2.5-7B-Instruct::normal_04,C
p062,Qwen/Qwen2.5-7B-Instruct::normal_04,D
p063,Qwen/Qwen2.5-7B-Instruct::normal_01,A
p063,Qwen/Qwen2.5-7B-Instruct::normal_01,B
p063,Qwen/Qwen2.5-7B-Instruct::normal_01,C
p063,Qwen/Qwen2.5-7B-Instruct::normal_01,D
p063,Qwen/Qwen2.5-7B-Instruct::normal_02,A
p063,Qwen/Qwen2.5-7B-Instruct::normal_02,B
p063,Qwen/Qwen2.5-7B-Instruct::normal_02,C
p063,Qwen/Qwen2.5-7B-Instruct::normal_02,D
p063,Qwen/Qwen2.5-7B-Instruct::normal_03,A
p063,Qwen/Qwen2.5-7B-Instruct::normal_03,B
p063,Qwen/Qwen2.5-7B-Instruct::normal_03,C
p063,Qwen/Qwen2.5-7B-Instruct::normal_03,D
p063,Qwen/Qwen2.5-7B-Instruct::normal_04,A
p063,Qwen/Qwen2.5-7B-Instruct::normal_04,B
p063,Qwen/Qwen2.5-7B-Instruct::normal_04,C
p063,Qwen/Qwen2.5-7B-Instruct::normal_04,D
p064,Qwen/Qwen2.5-7B-Instruct::normal_02,A
p064,Qwen/Qwen2.5-7B-Instruct::normal_02,B
p064,Qwen/Qwen2.5-7B-Instruct::normal_02,C
p064,Qwen/Qwen2.5-7B-Instruct::normal_02,D
p064,Qwen/Qwen2.5-7B-Instruct::normal_03,A
p064,Qwen/Qwen2.5-7B-Instruct::normal_03,B
p064,Qwen/Qwen2.5-7B-Instruct::normal_03,C
p064,Qwen/Qwen2.5-7B-Instruct::normal_03,D
p064,Qwen/Qwen2.5-7B-Instruct::normal_04,A
p064,Qwen/Qwen2.5-7B-Instruct::normal_04,B
p064,Qwen/Qwen2.5-7B-Instruct::normal_04,C
p064,Qwen/Qwen2.5-7B-Instruct::normal_04,D
p065,Qwen/Qwen2.5-7B-Instruct::normal_01,A
p065,Qwen/Qwen2.5-7B-Instruct::normal_01,B
p065,Qwen/Qwen2.5-7B-Instruct::normal_01,C
p065,Qwen/Qwen2.5-7B-Instruct::normal_01,D
p065,Qwen/Qwen2.5-7B-Instruct::normal_03,A
p065,Qwen/Qwen2.5-7B-Instruct::normal_03,B
p065,Qwen/Qwen2.5-7B-Instruct::normal_03,C
p065,Qwen/Qwen2.5-7B-Instruct::normal_03,D
p065,Qwen/Qwen2.5-7B-Instruct::normal_04,A
p065,Qwen/Qwen2.5-7B-Instruct::normal_04,B
p065,Qwen/Qwen2.5-7B-Instruct::normal_04,C
p065,Qwen/Qwen2.5-7B-Instruct::normal_04,D
p066,Qwen/Qwen2.5-7B-Instruct::normal_01,A
p066,Qwen/Qwen2.5-7B-Instruct::normal_01,B
p066,Qwen/Qwen2.5-7B-Instruct::normal_01,C
p066,Qwen/Qwen2.5-7B-Instruct::normal_01,D
p066,Qwen/Qwen2.5-7B-Instruct::normal_02,A
p066,Qwen/Qwen2.5-7B-Instruct::normal_02,B
p066,Qwen/Qwen2.5-7B-Instruct::normal_02,C
p066,Qwen/Qwen2.5-7B-Instruct::normal_02,D
p066,Qwen/Qwen2.5-7B-Instruct::normal_03,A
p066,Qwen/Qwen2.5-7B-Instruct::normal_03,B
p066,Qwen/Qwen2.5-7B-Instruct::normal_03,C
p066,Qwen/Qwen2.5-7B-Instruct::normal_03,D
p066,Qwen/Qwen2.5-7B-Instruct::normal_04,A
p066,Qwen/Qwen2.5-7B-Instruct::normal_04,B
p066,Qwen/Qwen2.5-7B-Instruct::normal_04,C
p066,Qwen/Qwen2.5-7B-Instruct::normal_04,D
p067,Qwen/Qwen2.5-7B-Instruct::normal_01,A
p067,Qwen/Qwen2.5-7B-Instruct::normal_01,B
p067,Qwen/Qwen2.5-7B-Instruct::normal_01,C
p067,Qwen/Qwen2.5-7B-Instruct::normal_01,D
p067,Qwen/Qwen2.5-7B-Instruct::normal_02,A
p067,Qwen/Qwen2.5-7B-Instruct::normal_02,B
p067,Qwen/Qwen2.5-7B-Instruct::normal_02,C
p067,Qwen/Qwen2.5-7B-Instruct::normal_02,D
p067,Qwen/Qwen2.5-7B-Instruct::normal_03,A
p067,Qwen/Qwen2.5-7B-Instruct::normal_03,B
p067,Qwen/Qwen2.5-7B-Instruct::normal_03,C
p067,Qwen/Qwen2.5-7B-Instruct::normal_03,D
p067,Qwen/Qwen2.5-7B-Instruct::normal_04,A
p067,Qwen/Qwen2.5-7B-Instruct::normal_04,B
p067,Qwen/Qwen2.5-7B-Instruct::normal_04,C
p067,Qwen/Qwen2.5-7B-Instruct::normal_04,D
p068,Qwen/Qwen2.5-7B-Instruct::normal_01,A
p068,Qwen/Qwen2.5-7B-Instruct::normal_01,B
p068,Qwen/Qwen2.5-7B-Instruct::normal_01,C
p068,Qwen/Qwen2.5-7B-Instruct::normal_01,D
p068,Qwen/Qwen2.5-7B-Instruct::normal_02,A
p068,Qwen/Qwen2.5-7B-Instruct::normal_02,B
p068,Qwen/Qwen2.5-7B-Instruct::normal_02,C
p068,Qwen/Qwen2.5-7B-Instruct::normal_02,D
p068,Qwen/Qwen2.5-7B-Instruct::normal_04,A
p068,Qwen/Qwen2.5-7B-Instruct::normal_04,B
p068,Qwen/Qwen2.5-7B-Instruct::normal_04,C
p068,Qwen/Qwen2.5-7B-Instruct::normal_04,D
p069,Qwen/Qwen2.5-7B-Instruct::normal_01,A
p069,Qwen/Qwen2.5-7B-Instruct::normal_01,B
p069,Qwen/Qwen2.5-7B-Instruct::normal_01,C
p069,Qwen/Qwen2.5-7B-Instruct::normal_01,D
p069,Qwen/Qwen2.5-7B-Instruct::normal_02,A
p069,Qwen/Qwen2.5-7B-Instruct::normal_02,B
p069,Qwen/Qwen2.5-7B-Instruct::normal_02,C
p069,Qwen/Qwen2.5-7B-Instruct::normal_02,D
p069,Qwen/Qwen2.5-7B-Instruct::normal_04,A
p069,Qwen/Qwen2.5-7B-Instruct::normal_04,B
p069,Qwen/Qwen2.5-7B-Instruct::normal_04,C
p069,Qwen/Qwen2.5-7B-Instruct::normal_04,D
p070,Qwen/Qwen2.5-7B-Instruct::normal_01,A
p070,Qwen/Qwen2.5-7B-Instruct::normal_01,B
p070,Qwen/Qwen2.5-7B-Instruct::normal_01,C
p070,Qwen/Qwen2.5-7B-Instruct::normal_01,D
p070,Qwen/Qwen2.5-7B-Instruct::normal_02,A
p070,Qwen/Qwen2.5-7B-Instruct::normal_02,B
p070,Qwen/Qwen2.5-7B-Instruct::normal_02,C
p070,Qwen/Qwen2.5-7B-Instruct::normal_02,D
p070,Qwen/Qwen2.5-7B-Instruct::normal_03,A
p070,Qwen/Qwen2.5-7B-Instruct::normal_03,B
p070,Qwen/Qwen2.5-7B-Instruct::normal_03,C
p070,Qwen/Qwen2.5-7B-Instruct::normal_03,D
p070,Qwen/Qwen2.5-7B-Instruct::normal_04,A
p070,Qwen/Qwen2.5-7B-Instruct::normal_04,B
p070,Qwen/Qwen2.5-7B-Instruct::normal_04,C
p070,Qwen/Qwen2.5-7B-Instruct::normal_04,D
p071,Qwen/Qwen2.5-7B-Instruct::normal_01,A
p071,Qwen/Qwen2.5-7B-Instruct::normal_01,B
p071,Qwen/Qwen2.5-7B-Instruct::normal_01,C
p071,Qwen/Qwen2.5-7B-Instruct::normal_01,D
p071,Qwen/Qwen2.5-7B-Instruct::normal_02,A
p071,Qwen/Qwen2.5-7B-Instruct::normal_02,B
p071,Qwen/Qwen2.5-7B-Instruct::normal_02,C
p071,Qwen/Qwen2.5-7B-Instruct::normal_02,D
p071,Qwen/Qwen2.5-7B-Instruct::normal_03,A
p071,Qwen/Qwen2.5-7B-Instruct::normal_03,B
p071,Qwen/Qwen2.5-7B-Instruct::normal_03,C
p071,Qwen/Qwen2.5-7B-Instruct::normal_03,D
p071,Qwen/Qwen2.5-7B-Instruct::normal_04,A
p071,Qwen/Qwen2.5-7B-Instruct::normal_04,B
p071,Qwen/Qwen2.5-7B-Instruct::normal_04,C
p071,Qwen/Qwen2.5-7B-Instruct::normal_04,D
p072,Qwen/Qwen2.5-7B-Instruct::normal_01,A
p072,Qwen/Qwen2.5-7B-Instruct::normal_01,B
p072,Qwen/Qwen2.5-7B-Instruct::normal_01,C
p072,Qwen/Qwen2.5-7B-Instruct::normal_01,D
p072,Qwen/Qwen2.5-7B-Instruct::normal_02,A
p072,Qwen/Qwen2.5-7B-Instruct::normal_02,B
p072,Qwen/Qwen2.5-7B-Instruct::normal_02,C
p072,Qwen/Qwen2.5-7B-Instruct::normal_02,D
p072,Qwen/Qwen2.5-7B-Instruct::normal_03,A
p072,Qwen/Qwen2.5-7B-Instruct::normal_03,B
p072,Qwen/Qwen2.5-7B-Instruct::normal_03,C
p072,Qwen/Qwen2.5-7B-Instruct::normal_03,D
p072,Qwen/Qwen2.5-7B-Instruct::normal_04,A
p072,Qwen/Qwen2.5-7B-Instruct::normal_04,B
p072,Qwen/Qwen2.5-7B-Instruct::normal_04,C
p072,Qwen/Qwen2.5-7B-Instruct::normal_04,D
p073,Qwen/Qwen2.5-7B-Instruct::normal_01,A
p073,Qwen/Qwen2.5-7B-Instruct::normal_01,B
p073,Qwen/Qwen2.5-7B-Instruct::normal_01,C
p073,Qwen/Qwen2.5-7B-Instruct::normal_01,D
p073,Qwen/Qwen2.5-7B-Instruct::normal_02,A
p073,Qwen/Qwen2.5-7B-Instruct::normal_02,B
p073,Qwen/Qwen2.5-7B-Instruct::normal_02,C
p073,Qwen/Qwen2.5-7B-Instruct::normal_02,D
p073,Qwen/Qwen2.5-7B-Instruct::normal_03,A
p073,Qwen/Qwen2.5-7B-Instruct::normal_03,B
p073,Qwen/Qwen2.5-7B-Instruct::normal_03,C
p073,Qwen/Qwen2.5-7B-Instruct::normal_03,D
p073,Qwen/Qwen2.5-7B-Instruct::normal_04,A
p073,Qwen/Qwen2.5-7B-Instruct::normal_04,B
p073,Qwen/Qwen2.5-7B-Instruct::normal_04,C
p073,Qwen/Qwen2.5-7B-Instruct::normal_04,D
p074,Qwen/Qwen2.5-7B-Instruct::normal_01,A
p074,Qwen/Qwen2.5-7B-Instruct::normal_01,B
p074,Qwen/Qwen2.5-7B-Instruct::normal_01,C
p074,Qwen/Qwen2.5-7B-Instruct::normal_01,D
p074,Qwen/Qwen2.5-7B-Instruct::normal_02,A
p074,Qwen/Qwen2.5-7B-Instruct::normal_02,B
p074,Qwen/Qwen2.5-7B-Instruct::normal_02,C
p074,Qwen/Qwen2.5-7B-Instruct::normal_02,D
p074,Qwen/Qwen2.5-7B-Instruct::normal_03,A
p074,Qwen/Qwen2.5-7B-Instruct::normal_03,B
p074,Qwen/Qwen2.5-7B-Instruct::normal_03,C
p074,Qwen/Qwen2.5-7B-Instruct::normal_03,D
p074,Qwen/Qwen2.5-7B-Instruct::normal_04,A
p074,Qwen/Qwen2.5-7B-Instruct::normal_04,B
p074,Qwen/Qwen2.5-7B-Instruct::normal_04,C
p074,Qwen/Qwen2.5-7B-Instruct::normal_04,D
p075,Qwen/Qwen2.5-7B-Instruct::normal_01,A
p075,Qwen/Qwen2.5-7B-Instruct::normal_01,B
p075,Qwen/Qwen2.5-7B-Instruct::normal_01,C
p075,Qwen/Qwen2.5-7B-Instruct::normal_01,D
p075,Qwen/Qwen2.5-7B-Instruct::normal_02,A
p075,Qwen/Qwen2.5-7B-Instruct::normal_02,B
p075,Qwen/Qwen2.5-7B-Instruct::normal_02,C
p075,Qwen/Qwen2.5-7B-Instruct::normal_02,D
p075,Qwen/Qwen2.5-7B-Instruct::normal_03,A
p075,Qwen/Qwen2.5-7B-Instruct::normal_03,B
p075,Qwen/Qwen2.5-7B-Instruct::normal_03,C
p075,Qwen/Qwen2.5-7B-Instruct::normal_03,D
p075,Qwen/Qwen2.5-7B-Instruct::normal_04,A
p075,Qwen/Qwen2.5-7B-Instruct::normal_04,B
p075,Qwen/Qwen2.5-7B-Instruct::normal_04,C
p075,Qwen/Qwen2.5-7B-Instruct::normal_04,D
p076,Qwen/Qwen2.5-7B-Instruct::normal_01,A
p076,Qwen/Qwen2.5-7B-Instruct::normal_01,B
p076,Qwen/Qwen2.5-7B-Instruct::normal_01,C
p076,Qwen/Qwen2.5-7B-Instruct::normal_01,D
p076,Qwen/Qwen2.5-7B-Instruct::normal_02,A
p076,Qwen/Qwen2.5-7B-Instruct::normal_02,B
p076,Qwen/Qwen2.5-7B-Instruct::normal_02,C
p076,Qwen/Qwen2.5-7B-Instruct::normal_02,D
p076,Qwen/Qwen2.5-7B-Instruct::normal_03,A
p076,Qwen/Qwen2.5-7B-Instruct::normal_03,B
p076,Qwen/Qwen2.5-7B-Instruct::normal_03,C
p076,Qwen/Qwen2.5-7B-Instruct::normal_03,D
p076,Qwen/Qwen2.5-7B-Instruct::normal_04,A
p076,Qwen/Qwen2.5-7B-Instruct::normal_04,B
p076,Qwen/Qwen2.5-7B-Instruct::normal_04,C
p076,Qwen/Qwen2.5-7B-Instruct::normal_04,D
p077,Qwen/Qwen2.5-7B-Instruct::normal_01,A
p077,Qwen/Qwen2.5-7B-Instruct::normal_01,B
p077,Qwen/Qwen2.5-7B-Instruct::normal_01,C
p077,Qwen/Qwen2.5-7B-Instruct::normal_01,D
p077,Qwen/Qwen2.5-7B-Instruct::normal_02,A
p077,Qwen/Qwen2.5-7B-Instruct::normal_02,B
p077,Qwen/Qwen2.5-7B-Instruct::normal_02,C
p077,Qwen/Qwen2.5-7B-Instruct::normal_02,D
p077,Qwen/Qwen2.5-7B-Instruct::normal_03,A
p077,Qwen/Qwen2.5-7B-Instruct::normal_03,B
p077,Qwen/Qwen2.5-7B-Instruct::normal_03,C
p077,Qwen/Qwen2.5-7B-Instruct::normal_03,D
p077,Qwen/Qwen2.5-7B-Instruct::normal_04,A
p077,Qwen/Qwen2.5-7B-Instruct::normal_04,B
p077,Qwen/Qwen2.5-7B-Instruct::normal_04,C
p077,Qwen/Qwen2.5-7B-Instruct::normal_04,D
p078,Qwen/Qwen2.5-7B-Instruct::normal_01,A
p078,Qwen/Qwen2.5-7B-Instruct::normal_01,B
p078,Qwen/Qwen2.5-7B-Instruct::normal_01,C
p078,Qwen/Qwen2.5-7B-Instruct::normal_01,D
p078,Qwen/Qwen2.5-7B-Instruct::normal_02,A
p078,Qwen/Qwen2.5-7B-Instruct::normal_02,B
p078,Qwen/Qwen2.5-7B-Instruct::normal_02,C
p078,Qwen/Qwen2.5-7B-Instruct::normal_02,D
p078,Qwen/Qwen2.5-7B-Instruct::normal_03,A
p078,Qwen/Qwen2.5-7B-Instruct::normal_03,B
p078,Qwen/Qwen2.5-7B-Instruct::normal_03,C
p078,Qwen/Qwen2.5-7B-Instruct::normal_03,D
p078,Qwen/Qwen2.5-7B-Instruct::normal_04,A
p078,Qwen/Qwen2.5-7B-Instruct::normal_04,B
p078,Qwen/Qwen2.5-7B-Instruct::normal_04,C
p078,Qwen/Qwen2.5-7B-Instruct::normal_04,D
p079,Qwen/Qwen2.5-7B-Instruct::normal_01,A
p079,Qwen/Qwen2.5-7B-Instruct::normal_01,B
p079,Qwen/Qwen2.5-7B-Instruct::normal_01,C
p079,Qwen/Qwen2.5-7B-Instruct::normal_01,D
p079,Qwen/Qwen2.5-7B-Instruct::normal_02,A
p079,Qwen/Qwen2.5-7B-Instruct::normal_02,B
p079,Qwen/Qwen2.5-7B-Instruct::normal_02,C
p079,Qwen/Qwen2.5-7B-Instruct::normal_02,D
p079,Qwen/Qwen2.5-7B-Instruct::normal_03,A
p079,Qwen/Qwen2.5-7B-Instruct::normal_03,B
p079,Qwen/Qwen2.5-7B-Instruct::normal_03,C
p079,Qwen/Qwen2.5-7B-Instruct::normal_03,D
p079,Qwen/Qwen2.5-7B-Instruct::normal_04,A
p079,Qwen/Qwen2.5-7B-Instruct::normal_04,B
p079,Qwen/Qwen2.5-7B-Instruct::normal_04,C
p079,Qwen/Qwen2.5-7B-Instruct::normal_04,D
p080,Qwen/Qwen2.5-7B-Instruct::normal_01,A
p080,Qwen/Qwen2.5-7B-Instruct::normal_01,B
p080,Qwen/Qwen2.5-7B-Instruct::normal_01,C
p080,Qwen/Qwen2.5-7B-Instruct::normal_01,D
p080,Qwen/Qwen2.5-7B-Instruct::normal_02,A
p080,Qwen/Qwen2.5-7B-Instruct::normal_02,B
p080,Qwen/Qwen2.5-7B-Instruct::normal_02,C
p080,Qwen/Qwen2.5-7B-Instruct::normal_02,D
p080,Qwen/Qwen2.5-7B-Instruct::normal_03,A
p080,Qwen/Qwen2.5-7B-Instruct::normal_03,B
p080,Qwen/Qwen2.5-7B-Instruct::normal_03,C
p080,Qwen/Qwen2.5-7B-Instruct::normal_03,D
p080,Qwen/Qwen2.5-7B-Instruct::normal_04,A
p080,Qwen/Qwen2.5-7B-Instruct::normal_04,B
p080,Qwen/Qwen2.5-7B-Instruct::normal_04,C
p080,Qwen/Qwen2.5-7B-Instruct::normal_04,D
p081,Qwen/Qwen2.5-7B-Instruct::normal_01,A
p081,Qwen/Qwen2.5-7B-Instruct::normal_01,B
p081,Qwen/Qwen2.5-7B-Instruct::normal_01,C
p081,Qwen/Qwen2.5-7B-Instruct::normal_01,D
p081,Qwen/Qwen2.5-7B-Instruct::normal_02,A
p081,Qwen/Qwen2.5-7B-Instruct::normal_02,B
p081,Qwen/Qwen2.5-7B-Instruct::normal_02,C
p081,Qwen/Qwen2.5-7B-Instruct::normal_02,D
p081,Qwen/Qwen2.5-7B-Instruct::normal_03,A
p081,Qwen/Qwen2.5-7B-Instruct::normal_03,B
p081,Qwen/Qwen2.5-7B-Instruct::normal_03,C
p081,Qwen/Qwen2.5-7B-Instruct::normal_03,D
p081,Qwen/Qwen2.5-7B-Instruct::normal_04,A
p081,Qwen/Qwen2.5-7B-Instruct::normal_04,B
p081,Qwen/Qwen2.5-7B-Instruct::normal_04,C
p081,Qwen/Qwen2.5-7B-Instruct::normal_04,D
p082,Qwen/Qwen2.5-7B-Instruct::normal_01,A
p082,Qwen/Qwen2.5-7B-Instruct::normal_01,B
p082,Qwen/Qwen2.5-7B-Instruct::normal_01,C
p082,Qwen/Qwen2.5-7B-Instruct::normal_01,D
p082,Qwen/Qwen2.5-7B-Instruct::normal_02,A
p082,Qwen/Qwen2.5-7B-Instruct::normal_02,B
p082,Qwen/Qwen2.5-7B-Instruct::normal_02,C
p082,Qwen/Qwen2.5-7B-Instruct::normal_02,D
p082,Qwen/Qwen2.5-7B-Instruct::normal_03,A
p082,Qwen/Qwen2.5-7B-Instruct::normal_03,B
p082,Qwen/Qwen2.5-7B-Instruct::normal_03,C
p082,Qwen/Qwen2.5-7B-Instruct::normal_03,D
p082,Qwen/Qwen2.5-7B-Instruct::normal_04,A
p082,Qwen/Qwen2.5-7B-Instruct::normal_04,B
p082,Qwen/Qwen2.5-7B-Instruct::normal_04,C
p082,Qwen/Qwen2.5-7B-Instruct::normal_04,D
p083,Qwen/Qwen2.5-7B-Instruct::normal_01,A
p083,Qwen/Qwen2.5-7B-Instruct::normal_01,B
p083,Qwen/Qwen2.5-7B-Instruct::normal_01,C
p083,Qwen/Qwen2.5-7B-Instruct::normal_01,D
p083,Qwen/Qwen2.5-7B-Instruct::normal_02,A
p083,Qwen/Qwen2.5-7B-Instruct::normal_02,B
p083,Qwen/Qwen2.5-7B-Instruct::normal_02,C
p083,Qwen/Qwen2.5-7B-Instruct::normal_02,D
p083,Qwen/Qwen2.5-7B-Instruct::normal_03,A
p083,Qwen/Qwen2.5-7B-Instruct::normal_03,B
p083,Qwen/Qwen2.5-7B-Instruct::normal_03,C
p083,Qwen/Qwen2.5-7B-Instruct::normal_03,D
p083,Qwen/Qwen2.5-7B-Instruct::normal_04,A
p083,Qwen/Qwen2.5-7B-Instruct::normal_04,B
p083,Qwen/Qwen2.5-7B-Instruct::normal_04,C
p083,Qwen/Qwen2.5-7B-Instruct::normal_04,D
p084,Qwen/Qwen2.5-7B-Instruct::normal_01,A
p084,Qwen/Qwen2.5-7B-Instruct::normal_01,B
p084,Qwen/Qwen2.5-7B-Instruct::normal_01,C
p084,Qwen/Qwen2.5-7B-Instruct::normal_01,D
p084,Qwen/Qwen2.5-7B-Instruct::normal_02,A
p084,Qwen/Qwen2.5-7B-Instruct::normal_02,B
p084,Qwen/Qwen2.5-7B-Instruct::normal_02,C
p084,Qwen/Qwen2.5-7B-Instruct::normal_02,D
p084,Qwen/Qwen2.5-7B-Instruct::normal_04,A
p084,Qwen/Qwen2.5-7B-Instruct::normal_04,B
p084,Qwen/Qwen2.5-7B-Instruct::normal_04,C
p084,Qwen/Qwen2.5-7B-Instruct::normal_04,D
p085,Qwen/Qwen2.5-7B-Instruct::normal_01,A
p085,Qwen/Qwen2.5-7B-Instruct::normal_01,B
p085,Qwen/Qwen2.5-7B-Instruct::normal_01,C
p085,Qwen/Qwen2.5-7B-Instruct::normal_01,D
p085,Qwen/Qwen2.5-7B-Instruct::normal_02,A
p085,Qwen/Qwen2.5-7B-Instruct::normal_02,B
p085,Qwen/Qwen2.5-7B-Instruct::normal_02,C
p085,Qwen/Qwen2.5-7B-Instruct::normal_02,D
p085,Qwen/Qwen2.5-7B-Instruct::normal_03,A
p085,Qwen/Qwen2.5-7B-Instruct::normal_03,B
p085,Qwen/Qwen2.5-7B-Instruct::normal_03,C
p085,Qwen/Qwen2.5-7B-Instruct::normal_03,D
p085,Qwen/Qwen2.5-7B-Instruct::normal_04,A
p085,Qwen/Qwen2.5-7B-Instruct::normal_04,B
p085,Qwen/Qwen2.5-7B-Instruct::normal_04,C
p085,Qwen/Qwen2.5-7B-Instruct::normal_04,D
p086,Qwen/Qwen2.5-7B-Instruct::normal_01,A
p086,Qwen/Qwen2.5-7B-Instruct::normal_01,B
p086,Qwen/Qwen2.5-7B-Instruct::normal_01,C
p086,Qwen/Qwen2.5-7B-Instruct::normal_01,D
p086,Qwen/Qwen2.5-7B-Instruct::normal_02,A
p086,Qwen/Qwen2.5-7B-Instruct::normal_02,B
p086,Qwen/Qwen2.5-7B-Instruct::normal_02,C
p086,Qwen/Qwen2.5-7B-Instruct::normal_02,D
p086,Qwen/Qwen2.5-7B-Instruct::normal_03,A
p086,Qwen/Qwen2.5-7B-Instruct::normal_03,B
p086,Qwen/Qwen2.5-7B-Instruct::normal_03,C
p086,Qwen/Qwen2.5-7B-Instruct::normal_03,D
p086,Qwen/Qwen2.5-7B-Instruct::normal_04,A
p086,Qwen/Qwen2.5-7B-Instruct::normal_04,B
p086,Qwen/Qwen2.5-7B-Instruct::normal_04,C
p086,Qwen/Qwen2.5-7B-Instruct::normal_04,D
p087,Qwen/Qwen2.5-7B-Instruct::normal_01,A
p087,Qwen/Qwen2.5-7B-Instruct::normal_01,B
p087,Qwen/Qwen2.5-7B-Instruct::normal_01,C
p087,Qwen/Qwen2.5-7B-Instruct::normal_01,D
p087,Qwen/Qwen2.5-7B-Instruct::normal_02,A
p087,Qwen/Qwen2.5-7B-Instruct::normal_02,B
p087,Qwen/Qwen2.5-7B-Instruct::normal_02,C
p087,Qwen/Qwen2.5-7B-Instruct::normal_02,D
p087,Qwen/Qwen2.5-7B-Instruct::normal_03,A
p087,Qwen/Qwen2.5-7B-Instruct::normal_03,B
p087,Qwen/Qwen2.5-7B-Instruct::normal_03,C
p087,Qwen/Qwen2.5-7B-Instruct::normal_03,D
p087,Qwen/Qwen2.5-7B-Instruct::normal_04,A
p087,Qwen/Qwen2.5-7B-Instruct::normal_04,B
p087,Qwen/Qwen2.5-7B-Instruct::normal_04,C
p087,Qwen/Qwen2.5-7B-Instruct::normal_04,D
p088,Qwen/Qwen2.5-7B-Instruct::normal_01,A
p088,Qwen/Qwen2.5-7B-Instruct::normal_01,B
p088,Qwen/Qwen2.5-7B-Instruct::normal_01,C
p088,Qwen/Qwen2.5-7B-Instruct::normal_01,D
p088,Qwen/Qwen2.5-7B-Instruct::normal_02,A
p088,Qwen/Qwen2.5-7B-Instruct::normal_02,B
p088,Qwen/Qwen2.5-7B-Instruct::normal_02,C
p088,Qwen/Qwen2.5-7B-Instruct::normal_02,D
p088,Qwen/Qwen2.5-7B-Instruct::normal_03,A
p088,Qwen/Qwen2.5-7B-Instruct::normal_03,B
p088,Qwen/Qwen2.5-7B-Instruct::normal_03,C
p088,Qwen/Qwen2.5-7B-Instruct::normal_03,D
p088,Qwen/Qwen2.5-7B-Instruct::normal_04,A
p088,Qwen/Qwen2.5-7B-Instruct::normal_04,B
p088,Qwen/Qwen2.5-7B-Instruct::normal_04,C
p088,Qwen/Qwen2.5-7B-Instruct::normal_04,D
p089,Qwen/Qwen2.5-7B-Instruct::normal_01,A
p089,Qwen/Qwen2.5-7B-Instruct::normal_01,B
p089,Qwen/Qwen2.5-7B-Instruct::normal_01,C
p089,Qwen/Qwen2.5-7B-Instruct::normal_01,D
p089,Qwen/Qwen2.5-7B-Instruct::normal_02,A
p089,Qwen/Qwen2.5-7B-Instruct::normal_02,B
p089,Qwen/Qwen2.5-7B-Instruct::normal_02,C
p089,Qwen/Qwen2.5-7B-Instruct::normal_02,D
p089,Qwen/Qwen2.5-7B-Instruct::normal_03,A
p089,Qwen/Qwen2.5-7B-Instruct::normal_03,B
p089,Qwen/Qwen2.5-7B-Instruct::normal_03,C
p089,Qwen/Qwen2.5-7B-Instruct::normal_03,D
p089,Qwen/Qwen2.5-7B-Instruct::normal_04,A
p089,Qwen/Qwen2.5-7B-Instruct::normal_04,B
p089,Qwen/Qwen2.5-7B-Instruct::normal_04,C
p089,Qwen/Qwen2.5-7B-Instruct::normal_04,D
p090,Qwen/Qwen2.5-7B-Instruct::normal_01,A
p090,Qwen/Qwen2.5-7B-Instruct::normal_01,B
p090,Qwen/Qwen2.5-7B-Instruct::normal_01,C
p090,Qwen/Qwen2.5-7B-Instruct::normal_01,D
p090,Qwen/Qwen2.5-7B-Instruct::normal_02,A
p090,Qwen/Qwen2.5-7B-Instruct::normal_02,B
p090,Qwen/Qwen2.5-7B-Instruct::normal_02,C
p090,Qwen/Qwen2.5-7B-Instruct::normal_02,D
p090,Qwen/Qwen2.5-7B-Instruct::normal_03,A
p090,Qwen/Qwen2.5-7B-Instruct::normal_03,B
p090,Qwen/Qwen2.5-7B-Instruct::normal_03,C
p090,Qwen/Qwen2.5-7B-Instruct::normal_03,D
p090,Qwen/Qwen2.5-7B-Instruct::normal_04,A
p090,Qwen/Qwen2.5-7B-Instruct::normal_04,B
p090,Qwen/Qwen2.5-7B-Instruct::normal_04,C
p090,Qwen/Qwen2.5-7B-Instruct::normal_04,D
p091,Qwen/Qwen2.5-7B-Instruct::normal_01,A
p091,Qwen/Qwen2.5-7B-Instruct::normal_01,B
p091,Qwen/Qwen2.5-7B-Instruct::normal_01,C
p091,Qwen/Qwen2.5-7B-Instruct::normal_01,D
p091,Qwen/Qwen2.5-7B-Instruct::normal_02,A
p091,Qwen/Qwen2.5-7B-Instruct::normal_02,B
p091,Qwen/Qwen2.5-7B-Instruct::normal_02,C
p091,Qwen/Qwen2.5-7B-Instruct::normal_02,D
p091,Qwen/Qwen2.5-7B-Instruct::normal_03,A
p091,Qwen/Qwen2.5-7B-Instruct::normal_03,B
p091,Qwen/Qwen2.5-7B-Instruct::normal_03,C
p091,Qwen/Qwen2.5-7B-Instruct::normal_03,D
p091,Qwen/Qwen2.5-7B-Instruct::normal_04,A
p091,Qwen/Qwen2.5-7B-Instruct::normal_04,B
p091,Qwen/Qwen2.5-7B-Instruct::normal_04,C
p091,Qwen/Qwen2.5-7B-Instruct::normal_04,D
p092,Qwen/Qwen2.5-7B-Instruct::normal_01,A
p092,Qwen/Qwen2.5-7B-Instruct::normal_01,B
p092,Qwen/Qwen2.5-7B-Instruct::normal_01,C
p092,Qwen/Qwen2.5-7B-Instruct::normal_01,D
p092,Qwen/Qwen2.5-7B-Instruct::normal_02,A
p092,Qwen/Qwen2.5-7B-Instruct::normal_02,B
p092,Qwen/Qwen2.5-7B-Instruct::normal_02,C
p092,Qwen/Qwen2.5-7B-Instruct::normal_02,D
p092,Qwen/Qwen2.5-7B-Instruct::normal_03,A
p092,Qwen/Qwen2.5-7B-Instruct::normal_03,B
p092,Qwen/Qwen2.5-7B-Instruct::normal_03,C
p092,Qwen/Qwen2.5-7B-Instruct::normal_03,D
p092,Qwen/Qwen2.5-7B-Instruct::normal_04,A
p092,Qwen/Qwen2.5-7B-Instruct::normal_04,B
p092,Qwen/Qwen2.5-7B-Instruct::normal_04,C
p092,Qwen/Qwen2.5-7B-Instruct::normal_04,D
p093,Qwen/Qwen2.5-7B-Instruct::normal_01,A
p093,Qwen/Qwen2.5-7B-Instruct::normal_01,B
p093,Qwen/Qwen2.5-7B-Instruct::normal_01,C
p093,Qwen/Qwen2.5-7B-Instruct::normal_01,D
p093,Qwen/Qwen2.5-7B-Instruct::normal_03,A
p093,Qwen/Qwen2.5-7B-Instruct::normal_03,B
p093,Qwen/Qwen2.5-7B-Instruct::normal_03,C
p093,Qwen/Qwen2.5-7B-Instruct::normal_03,D
p093,Qwen/Qwen2.5-7B-Instruct::normal_04,A
p093,Qwen/Qwen2.5-7B-Instruct::normal_04,B
p093,Qwen/Qwen2.5-7B-Instruct::normal_04,C
p093,Qwen/Qwen2.5-7B-Instruct::normal_04,D
p094,Qwen/Qwen2.5-7B-Instruct::normal_01,A
p094,Qwen/Qwen2.5-7B-Instruct::normal_01,B
p094,Qwen/Qwen2.5-7B-Instruct::normal_01,C
p094,Qwen/Qwen2.5-7B-Instruct::normal_01,D
p094,Qwen/Qwen2.5-7B-Instruct::normal_02,A
p094,Qwen/Qwen2.5-7B-Instruct::normal_02,B
p094,Qwen/Qwen2.5-7B-Instruct::normal_02,C
p094,Qwen/Qwen2.5-7B-Instruct::normal_02,D
p094,Qwen/Qwen2.5-7B-Instruct::normal_03,A
p094,Qwen/Qwen2.5-7B-Instruct::normal_03,B
p094,Qwen/Qwen2.5-7B-Instruct::normal_03,C
p094,Qwen/Qwen2.5-7B-Instruct::normal_03,D
p094,Qwen/Qwen2.5-7B-Instruct::normal_04,A
p094,Qwen/Qwen2.5-7B-Instruct::normal_04,B
p094,Qwen/Qwen2.5-7B-Instruct::normal_04,C
p094,Qwen/Qwen2.5-7B-Instruct::normal_04,D
p095,Qwen/Qwen2.5-7B-Instruct::normal_01,A
p095,Qwen/Qwen2.5-7B-Instruct::normal_01,B
p095,Qwen/Qwen2.5-7B-Instruct::normal_01,C
p095,Qwen/Qwen2.5-7B-Instruct::normal_01,D
p095,Qwen/Qwen2.5-7B-Instruct::normal_02,A
p095,Qwen/Qwen2.5-7B-Instruct::normal_02,B
p095,Qwen/Qwen2.5-7B-Instruct::normal_02,C
p095,Qwen/Qwen2.5-7B-Instruct::normal_02,D
p095,Qwen/Qwen2.5-7B-Instruct::normal_03,A
p095,Qwen/Qwen2.5-7B-Instruct::normal_03,B
p095,Qwen/Qwen2.5-7B-Instruct::normal_03,C
p095,Qwen/Qwen2.5-7B-Instruct::normal_03,D
p095,Qwen/Qwen2.5-7B-Instruct::normal_04,A
p095,Qwen/Qwen2.5-7B-Instruct::normal_04,B
p095,Qwen/Qwen2.5-7B-Instruct::normal_04,C
p095,Qwen/Qwen2.5-7B-Instruct::normal_04,D
p096,Qwen/Qwen2.5-7B-Instruct::normal_01,A
p096,Qwen/Qwen2.5-7B-Instruct::normal_01,B
p096,Qwen/Qwen2.5-7B-Instruct::normal_01,C
p096,Qwen/Qwen2.5-7B-Instruct::normal_01,D
p096,Qwen/Qwen2.5-7B-Instruct::normal_03,A
p096,Qwen/Qwen2.5-7B-Instruct::normal_03,B
p096,Qwen/Qwen2.5-7B-Instruct::normal_03,C
p096,Qwen/Qwen2.5-7B-Instruct::normal_03,D
p096,Qwen/Qwen2.5-7B-Instruct::normal_04,A
p096,Qwen/Qwen2.5-7B-Instruct::normal_04,B
p096,Qwen/Qwen2.5-7B-Instruct::normal_04,C
p096,Qwen/Qwen2.5-7B-Instruct::normal_04,D
p097,Qwen/Qwen2.5-7B-Instruct::normal_01,A
p097,Qwen/Qwen2.5-7B-Instruct::normal_01,B
p097,Qwen/Qwen2.5-7B-Instruct::normal_01,C
p097,Qwen/Qwen2.5-7B-Instruct::normal_01,D
p097,Qwen/Qwen2.5-7B-Instruct::normal_02,A
p097,Qwen/Qwen2.5-7B-Instruct::normal_02,B
p097,Qwen/Qwen2.5-7B-Instruct::normal_02,C
p097,Qwen/Qwen2.5-7B-Instruct::normal_02,D
p097,Qwen/Qwen2.5-7B-Instruct::normal_03,A
p097,Qwen/Qwen2.5-7B-Instruct::normal_03,B
p097,Qwen/Qwen2.5-7B-Instruct::normal_03,C
p097,Qwen/Qwen2.5-7B-Instruct::normal_03,D
p097,Qwen/Qwen2.5-7B-Instruct::normal_04,A
p097,Qwen/Qwen2.5-7B-Instruct::normal_04,B
p097,Qwen/Qwen2.5-7B-Instruct::normal_04,C
p097,Qwen/Qwen2.5-7B-Instruct::normal_04,D
p098,Qwen/Qwen2.5-7B-Instruct::normal_01,A
p098,Qwen/Qwen2.5-7B-Instruct::normal_01,B
p098,Qwen/Qwen2.5-7B-Instruct::normal_01,C
p098,Qwen/Qwen2.5-7B-Instruct::normal_01,D
p098,Qwen/Qwen2.5-7B-Instruct::normal_02,A
p098,Qwen/Qwen2.5-7B-Instruct::normal_02,B
p098,Qwen/Qwen2.5-7B-Instruct::normal_02,C
p098,Qwen/Qwen2.5-7B-Instruct::normal_02,D
p098,Qwen/Qwen2.5-7B-Instruct::normal_03,A
p098,Qwen/Qwen2.5-7B-Instruct::normal_03,B
p098,Qwen/Qwen2.5-7B-Instruct::normal_03,C
p098,Qwen/Qwen2.5-7B-Instruct::normal_03,D
p098,Qwen/Qwen2.5-7B-Instruct::normal_04,A
p098,Qwen/Qwen2.5-7B-Instruct::normal_04,B
p098,Qwen/Qwen2.5-7B-Instruct::normal_04,C
p098,Qwen/Qwen2.5-7B-Instruct::normal_04,D
p099,Qwen/Qwen2.5-7B-Instruct::normal_01,A
p099,Qwen/Qwen2.5-7B-Instruct::normal_01,B
p099,Qwen/Qwen2.5-7B-Instruct::normal_01,C
p099,Qwen/Qwen2.5-7B-Instruct::normal_01,D
p099,Qwen/Qwen2.5-7B-Instruct::normal_02,A
p099,Qwen/Qwen2.5-7B-Instruct::normal_02,B
p099,Qwen/Qwen2.5-7B-Instruct::normal_02,C
p099,Qwen/Qwen2.5-7B-Instruct::normal_02,D
p099,Qwen/Qwen2.5-7B-Instruct::normal_03,A
p099,Qwen/Qwen2.5-7B-Instruct::normal_03,B
p099,Qwen/Qwen2.5-7B-Instruct::normal_03,C
p099,Qwen/Qwen2.5-7B-Instruct::normal_03,D
p099,Qwen/Qwen2.5-7B-Instruct::normal_04,A
p099,Qwen/Qwen2.5-7B-Instruct::normal_04,B
p099,Qwen/Qwen2.5-7B-Instruct::normal_04,C
p099,Qwen/Qwen2.5-7B-Instruct::normal_04,D
p100,Qwen/Qwen2.5-7B-Instruct::normal_01,A
p100,Qwen/Qwen2.5-7B-Instruct::normal_01,B
p100,Qwen/Qwen2.5-7B-Instruct::normal_01,C
p100,Qwen/Qwen2.5-7B-Instruct::normal_01,D
p100,Qwen/Qwen2.5-7B-Instruct::normal_02,A
p100,Qwen/Qwen2.5-7B-Instruct::normal_02,B
p100,Qwen/Qwen2.5-7B-Instruct::normal_02,C
p100,Qwen/Qwen2.5-7B-Instruct::normal_02,D
p100,Qwen/Qwen2.5-7B-Instruct::normal_03,A
p100,Qwen/Qwen2.5-7B-Instruct::normal_03,B
p100,Qwen/Qwen2.5-7B-Instruct::normal_03,C
p100,Qwen/Qwen2.5-7B-Instruct::normal_03,D
p100,Qwen/Qwen2.5-7B-Instruct::normal_04,A
p100,Qwen/Qwen2.5-7B-Instruct::normal_04,B
p100,Qwen/Qwen2.5-7B-Instruct::normal_04,C
p100,Qwen/Qwen2.5-7B-Instruct::normal_04,D
