candidate_id,domain,error,evaluator,evaluator_id,evaluator_model,prompt_id,raw_output
"A,B,C,D",writing,strict_allocation_invalid_after_retries:absolute_total:170,normal_01,meta-llama/Llama-3.1-8B-Instruct::normal_01,meta-llama/Llama-3.1-8B-Instruct,p011,"{""votes"":{""best_pick"":""C"",""signed_allocation_reason"":""Candidate C is the closest to the private reference answer, as it provides a clear and detailed breakdown of the risks and next steps, while also addressing the payment edge cases and support team training. Candidates A and D are close seconds, but lack some detail and clarity. Candidate B is the farthest from the private reference answer, as it lacks a clear and detailed breakdown of the risks and next steps, and does not address the payment edge cases and support team training explicitly. "",""signed_allocation_cents"":[{""candidate_id"":""C"",""cents"":50},{""candidate_id"":""A"",""cents"":20},{""candidate_id"":""D"",""cents"":15},{""candidate_id"":""B"",""cents"":-85}],""absolute_cents_total"":100,""borda_ranking"":[[""C""],[""A""],[""D""],[""B""]]}}"
"A,B,C,D",analysis,strict_allocation_invalid_after_retries:absolute_total:140,normal_01,meta-llama/Llama-3.1-8B-Instruct::normal_01,meta-llama/Llama-3.1-8B-Instruct,p027,"{""votes"": {
  ""borda_ranking"": [[""A""],[""B""],[""D""],[""C""]],
  ""signed_allocation_reason"": ""Candidate A is closest to the private reference answer as it accurately describes the trend and provides plausible explanations, while Candidate B is also strong but lacks a clear explanation for the initial decline. Candidates C and D are farther away from the private reference answer due to incomplete or inaccurate trend analysis."",
  ""signed_allocation_cents"": [
    {""candidate_id"": ""A"", ""cents"": 50},
    {""candidate_id"": ""B"", ""cents"": 30},
    {""candidate_id"": ""D"", ""cents"": -20},
    {""candidate_id"": ""C"", ""cents"": 40}
  ],
  ""absolute_cents_total"": 100,
  ""best_pick"": ""A""
}}"
"A,B,C,D",writing,strict_allocation_invalid_after_retries:invalid_json:JSONDecodeError,normal_04,meta-llama/Llama-3.1-8B-Instruct::normal_04,meta-llama/Llama-3.1-8B-Instruct,p061,"{""votes"":{""borda_ranking"":[[""A""],[""B""],[""C""],[""D""]],""best_pick"":""A"",""signed_allocation_cents"":[{""candidate_id"":""A"",""cents"":40},{""candidate_id"":""B"",""cents"":30},{""candidate_id"":""C"",""cents"":-20},{""candidate_id"":""D"",""cents"":-10},""absolute_cents_total"":100}}"
"A,B,C,D",instruction_following,strict_allocation_invalid_after_retries:absolute_total:120,normal_03,meta-llama/Llama-3.1-8B-Instruct::normal_03,meta-llama/Llama-3.1-8B-Instruct,p084,"{""votes"":{""signed_allocation_reason"":""Candidate A is closest to the private reference answer, while Candidate C is farthest due to the inclusion of a portable pillow and emergency blanket, which are not essential items for a weekend camping trip. Candidate D is also risky due to the lack of a sleeping pad and ground tarp, which are crucial for comfort and protection from the elements. Candidate B is a balanced option, but not as comprehensive as the private reference answer or Candidate A."",
""signed_allocation_cents"":[{""candidate_id"":""A"",""cents"":50},{""candidate_id"":""B"",""cents"":20},{""candidate_id"":""C"",""cents"":-20},{""candidate_id"":""D"",""cents"":-30}],
""absolute_cents_total"":100,
""borda_ranking"":[[""A""],[""B""],[""C""],[""D""]],
""best_pick"":""A""}}"
"A,B,C,D",analysis,strict_allocation_invalid_after_retries:absolute_total:130,normal_03,meta-llama/Llama-3.1-8B-Instruct::normal_03,meta-llama/Llama-3.1-8B-Instruct,p093,"{""votes"":{""borda_ranking"":[[""A""],[""B""],[""C""],[""D""]],""signed_allocation_reason"":""Candidate A is closest to my private reference answer as it provides a comprehensive analysis of the A/B test results and suggests considering additional data points to inform the decision. Candidates B and C are also strong, but D is farthest from my private reference answer as it does not fully address the trade-offs between AOV and conversion rate. "",""signed_allocation_cents"":[{""candidate_id"":""A"",""cents"":50},{""candidate_id"":""B"",""cents"":20},{""candidate_id"":""C"",""cents"":15},{""candidate_id"":""D"",""cents"":-45}],""absolute_cents_total"":100,""best_pick"":""A""}}"
"A,B,C,D",instruction_following,strict_allocation_invalid_after_retries:invalid_json:JSONDecodeError,normal_01,meta-llama/Llama-3.1-8B-Instruct::normal_01,meta-llama/Llama-3.1-8B-Instruct,p084,"{""votes"":{""best_pick"":""A"",""borda_ranking"":[[""A""],[""B""],[""C""],[""D""]],""signed_allocation_cents"":[{""candidate_id"":""A"",""cents"":50},{""candidate_id"":""B"",""cents"":20},{""candidate_id"":""C"",""cents"":-20},{""candidate_id"":""D"",""cents"":30},""absolute_cents_total"":80}}"
"A,B,C,D",analysis,strict_allocation_invalid_after_retries:absolute_total:120,normal_01,meta-llama/Llama-3.1-8B-Instruct::normal_01,meta-llama/Llama-3.1-8B-Instruct,p042,"{""votes"": {
  ""borda_ranking"": [[""A""],[""B""],[""C""],[""D""]],
  ""signed_allocation_reason"": ""Candidate A is closest to the private reference answer as it explicitly mentions the ecological fallacy and suggests a controlled study, while Candidate D is also strong but lacks the specific mention of the ecological fallacy. Candidates B and C are farther away from the private reference answer as they do not provide a detailed plan for testing the relationship."",
  ""signed_allocation_cents"": [
    {""candidate_id"": ""A"", ""cents"": 50},
    {""candidate_id"": ""B"", ""cents"": 20},
    {""candidate_id"": ""C"", ""cents"": -20},
    {""candidate_id"": ""D"", ""cents"": 30}
  ],
  ""absolute_cents_total"": 100,
  ""best_pick"": ""A""
}}"
"A,B,C,D",writing,strict_allocation_invalid_after_retries:absolute_total:120,normal_03,meta-llama/Llama-3.1-8B-Instruct::normal_03,meta-llama/Llama-3.1-8B-Instruct,p059,"{""votes"":{""signed_allocation_reason"":""Candidate A is closest to the private reference answer as it acknowledges the delay and expresses a commitment to delivering exceptional service, while candidates C and D are farthest as they introduce unforeseen circumstances, which may be perceived as shifting blame, and candidate B is riskier as it lacks a clear commitment to delivering exceptional service. "",""signed_allocation_cents"":[{""candidate_id"":""A"",""cents"":40},{""candidate_id"":""B"",""cents"":30},{""candidate_id"":""C"",""cents"":-20},{""candidate_id"":""D"",""cents"":-30}],""absolute_cents_total"":100,""borda_ranking"":[[""A""],[""B""],[""C"",""D""]],""best_pick"":""A""}}"
"A,B,C,D",factual_qa,strict_allocation_invalid_after_retries:invalid_json:JSONDecodeError,normal_01,meta-llama/Llama-3.1-8B-Instruct::normal_01,meta-llama/Llama-3.1-8B-Instruct,p003,"{""votes"":{""borda_ranking"":[[""A""],[""B""],[""C""],[""D""]],""signed_allocation_reason"":""Candidate A is closest to the private reference answer, while Candidate B is farthest due to its incomplete explanation of fission and fusion processes. Candidates C and D are also incomplete, but Candidate B's lack of detail makes it riskier than the others. "",""signed_allocation_cents"":[{""candidate_id"":""A"",""cents"":40},{""candidate_id"":""B"",""cents"":30},{""candidate_id"":""C"",""cents"":-20},{""candidate_id"":""D"",""cents"":50},""absolute_cents_total"":100,""best_pick"":""A""}}"
"A,B,C,D",ethics_policy,strict_allocation_invalid_after_retries:invalid_json:JSONDecodeError,normal_01,meta-llama/Llama-3.1-8B-Instruct::normal_01,meta-llama/Llama-3.1-8B-Instruct,p095,"{""votes"":{""best_pick"":""A"",""signed_allocation_reason"":""Candidate A is closest to my private reference answer in terms of addressing fairness, transparency, and consumer trust, while Candidate C provides a more comprehensive analysis of the risks involved, making it a close second. Candidates B and D lack depth in their risk assessments, particularly in the fairness and transparency sections."",""signed_allocation_cents"":[{""candidate_id"":""A"",""cents"":50},{""candidate_id"":""B"",""cents"":20},{""candidate_id"":""C"",""cents"":-30},{""candidate_id"":""D"",""cents"":60},{""absolute_cents_total"":100,""borda_ranking"":[[""A""],[""B""],[""C""],[""D""]]}}"
"A,B,C,D",ethics_policy,strict_allocation_invalid_after_retries:absolute_total:160,normal_01,meta-llama/Llama-3.1-8B-Instruct::normal_01,meta-llama/Llama-3.1-8B-Instruct,p098,"{""votes"":{""signed_allocation_reason"":""Candidate A is closest to the private reference answer, while Candidate C is farthest due to its lack of discussion on addressing underlying social issues and potential biases in data. Candidate B and D provide a good balance of points but lack depth in certain areas. Candidate C's risks outweigh its benefits, making it the riskiest option."",""signed_allocation_cents"":[{""candidate_id"":""A"",""cents"":40},{""candidate_id"":""B"",""cents"":30},{""candidate_id"":""C"",""cents"":-30},{""candidate_id"":""D"",""cents"":60}],""absolute_cents_total"":100,""borda_ranking"":[[""A""],[""B""],[""D""],[""C""]],""best_pick"":""A""}}"
"A,B,C,D",code,strict_allocation_invalid_after_retries:absolute_total:180;reported_absolute_total:180,normal_04,meta-llama/Llama-3.1-8B-Instruct::normal_04,meta-llama/Llama-3.1-8B-Instruct,p072,"{""votes"":{""best_pick"":""A"",""borda_ranking"":[[""A""],[""B""],[""C""],[""D""]],""signed_allocation_reason"":""Candidate A is closest to the private reference answer as it is identical, while candidates B and C are also good but have minor issues, and candidate D is farthest due to incorrect use of COALESCE function."",""signed_allocation_cents"":[{""candidate_id"":""A"",""cents"":50},{""candidate_id"":""B"",""cents"":25},{""candidate_id"":""C"",""cents"":15},{""candidate_id"":""D"",""cents"":-90}],""absolute_cents_total"":180}}"
"A,B,C,D",business_advice,strict_allocation_invalid_after_retries:invalid_json:JSONDecodeError,normal_04,meta-llama/Llama-3.1-8B-Instruct::normal_04,meta-llama/Llama-3.1-8B-Instruct,p079,"{""votes"":{""best_pick"":""A"",""borda_ranking"":[[""A""],[""B""],[""C""],[""D""]],""signed_allocation_reason"":""Candidate A is closest to my private reference answer as it directly addresses the issue with clear hypotheses and experiments, while Candidate B also shows a structured approach, but with less detail. Candidates C and D have some good ideas, but their approaches are less comprehensive and more scattered. "",""signed_allocation_cents"":[{""candidate_id"":""A"",""cents"":50},{""candidate_id"":""B"",""cents"":30},{""candidate_id"":""C"",""cents"":-20},{""candidate_id"":""D"",""cents"":0},{""absolute_cents_total"":100}]}"
"A,B,C,D",business_advice,strict_allocation_invalid_after_retries:invalid_json:JSONDecodeError,normal_02,meta-llama/Llama-3.1-8B-Instruct::normal_02,meta-llama/Llama-3.1-8B-Instruct,p079,"{""votes"":{""borda_ranking"":[[""A""],[""B""],[""C""],[""D""]],""best_pick"":""A"",""signed_allocation_cents"":[{""candidate_id"":""A"",""cents"":50},{""candidate_id"":""B"",""cents"":20},{""candidate_id"":""C"",""cents"":-20},{""candidate_id"":""D"",""cents"":30},""absolute_cents_total"":80}}"
"A,B,C,D",code,strict_allocation_invalid_after_retries:invalid_json:JSONDecodeError,normal_03,meta-llama/Llama-3.1-8B-Instruct::normal_03,meta-llama/Llama-3.1-8B-Instruct,p073,"{""votes"":{""borda_ranking"":[[""A""],[""B""],[""C""],[""D""]],""best_pick"":""A"",""signed_allocation_cents"":[{""candidate_id"":""A"",""cents"":50},{""candidate_id"":""B"",""cents"":20},{""candidate_id"":""C"",""cents"":-20},{""candidate_id"":""D"",""cents"":30},""absolute_cents_total"":80}}"
"A,B,C,D",code,strict_allocation_invalid_after_retries:invalid_json:JSONDecodeError,normal_04,meta-llama/Llama-3.1-8B-Instruct::normal_04,meta-llama/Llama-3.1-8B-Instruct,p019,"{""votes"":{""signed_allocation_reason"":""Candidate A is closest to the private reference answer due to its correct use of date arithmetic and aggregation functions, while Candidate C is farthest due to its incorrect use of ROW_NUMBER() without considering ties. Candidate B is risky due to its assumption about the SQL dialect supporting window functions, and Candidate D is also risky due to its use of ROW_NUMBER() without considering ties and its incorrect date arithmetic."",
""signed_allocation_cents"":[{""candidate_id"":""A"",""cents"":50},{""candidate_id"":""B"",""cents"":20},{""candidate_id"":""C"",""cents"":-20},{""candidate_id"":""D"",""cents"":30},""absolute_cents_total"":80},
""borda_ranking"":[[""A""],[""B""],[""C""],[""D""]],""best_pick"":""A""}}"
"A,B,C,D",business_advice,strict_allocation_invalid_after_retries:expected_4_allocation_items_got_5;unexpected_candidate:;absolute_total:120;absolute_cents_total_not_numeric,normal_04,meta-llama/Llama-3.1-8B-Instruct::normal_04,meta-llama/Llama-3.1-8B-Instruct,p076,"{""votes"":{""signed_allocation_reason"":""Candidate A is closest to the private reference answer as it addresses the lack of engagement and personalization, but lacks a comprehensive approach. Candidate B is a close second, offering a structured approach with multiple experiments. Candidates C and D have some good ideas, but their approaches are less comprehensive and riskier. Candidate C's focus on quality variability and refund policies is a good start, but the other experiments are less relevant. Candidate D's experiments are somewhat disjointed and lack a clear hypothesis-driven approach."",
""signed_allocation_cents"":[{""candidate_id"":""A"",""cents"":50},{""candidate_id"":""B"",""cents"":20},{""candidate_id"":""C"",""cents"":-20},{""candidate_id"":""D"",""cents"":30},{""absolute_cents_total"":80}],
""best_pick"":""A"",
""borda_ranking"":[[""A""],[""B""],[""C""],[""D""]],
""signed_allocation_reason"":""briefly explain how candidates compare to your private reference answer and each other""}}"
"A,B,C,D",reasoning,strict_allocation_invalid_after_retries:invalid_json:JSONDecodeError,normal_03,meta-llama/Llama-3.1-8B-Instruct::normal_03,meta-llama/Llama-3.1-8B-Instruct,p057,"{""votes"":{""best_pick"":""A"",""signed_allocation_reason"":""Candidate A is closest to the private reference answer as it requires only one entry into the room and uses a similar strategy of turning switches on and off to determine the control of each bulb, but with a more efficient approach. Candidates B and C are farthest as they require multiple steps and do not guarantee a correct solution in all cases. Candidate D is risky as it relies on the bulb's temperature, which may not be a reliable indicator in all situations."",""signed_allocation_cents"":[{""candidate_id"":""A"",""cents"":45},{""candidate_id"":""B"",""cents"":25},{""candidate_id"":""C"",""cents"":-20},{""candidate_id"":""D"",""cents"":-50}],""absolute_cents_total"":100,""borda_ranking"":[[""A""],[""B""],[""C""],[""D""]}}}"
"A,B,C,D",code,strict_allocation_invalid_after_retries:expected_4_allocation_items_got_5;unexpected_candidate:;absolute_cents_total_not_numeric,normal_01,meta-llama/Llama-3.1-8B-Instruct::normal_01,meta-llama/Llama-3.1-8B-Instruct,p072,"{""votes"":{""best_pick"":""A"",""signed_allocation_reason"":""Candidate A is the closest to the private reference answer, with a minor difference in the GROUP BY clause. Candidates C and D are farthest due to the use of COALESCE, which is not necessary in this case. Candidate B is a good but less optimal solution. "",""signed_allocation_cents"":[{""candidate_id"":""A"",""cents"":50},{""candidate_id"":""B"",""cents"":30},{""candidate_id"":""C"",""cents"":-20},{""candidate_id"":""D"",""cents"":0},{""absolute_cents_total"":60}],""borda_ranking"":[[""A""],[""B""],[""C"",""D""]]}}"
"A,B,C,D",writing,strict_allocation_invalid_after_retries:absolute_total:120,normal_02,meta-llama/Llama-3.1-8B-Instruct::normal_02,meta-llama/Llama-3.1-8B-Instruct,p060,"{""votes"": {
  ""signed_allocation_reason"": ""Candidate A is closest to the private reference answer as it provides a clear and concise summary, while Candidate C is the farthest as it includes unnecessary details and a more formal tone. Candidate B is a neutral option, and Candidate D lacks essential information."",
  ""signed_allocation_cents"": [
    {""candidate_id"": ""A"", ""cents"": 50},
    {""candidate_id"": ""B"", ""cents"": 20},
    {""candidate_id"": ""C"", ""cents"": -20},
    {""candidate_id"": ""D"", ""cents"": 30}
  ],
  ""absolute_cents_total"": 100,
  ""best_pick"": ""A"",
  ""borda_ranking"": [[""A""],[""B""],[""C""],[""D""]]
}}"
"A,B,C,D",safety,strict_allocation_invalid_after_retries:absolute_total:150,normal_04,meta-llama/Llama-3.1-8B-Instruct::normal_04,meta-llama/Llama-3.1-8B-Instruct,p014,"{""votes"":{""signed_allocation_reason"":""Candidate A is closest to the private reference answer, while Candidate C is the safest and most comprehensive, but Candidate B is the most concise and clear. Candidate D is the riskiest due to its incomplete instructions and lack of specific steps. Candidate A's completeness and safety measures make it the best overall choice, followed closely by Candidate C, then B, and lastly D."",
""signed_allocation_cents"":[{""candidate_id"":""A"",""cents"":40},{""candidate_id"":""B"",""cents"":30},{""candidate_id"":""C"",""cents"":15},{""candidate_id"":""D"",""cents"":-65}],
""absolute_cents_total"":100,
""borda_ranking"":[[""A""],[""C""],[""B""],[""D""]],
""best_pick"":""A""}}"
"A,B,C,D",instruction_following,strict_allocation_invalid_after_retries:invalid_json:JSONDecodeError,normal_01,meta-llama/Llama-3.1-8B-Instruct::normal_01,meta-llama/Llama-3.1-8B-Instruct,p039,"{""votes"":{""best_pick"":""A"",""borda_ranking"":[[""A""],[""B""],[""C""],[""D""]],""signed_allocation_reason"":""Candidate A's formal tone is closest to the private reference answer, while candidates C and D are farthest due to grammatical errors and informal language, and candidate B is risky due to a casual tone that contradicts the original sentence's meaning."",""signed_allocation_cents"":[{""candidate_id"":""A"",""cents"":40},{""candidate_id"":""B"",""cents"":30},{""candidate_id"":""C"",""cents"":-20},{""candidate_id"":""D"",""cents"":50},""absolute_cents_total"":100}}"
"A,B,C,D",ethics_policy,strict_allocation_invalid_after_retries:invalid_json:JSONDecodeError,normal_02,meta-llama/Llama-3.1-8B-Instruct::normal_02,meta-llama/Llama-3.1-8B-Instruct,p100,"{""votes"":{""borda_ranking"":[[""A""],[""B""],[""C""],[""D""]],""best_pick"":""A"",""signed_allocation_cents"":[{""candidate_id"":""A"",""cents"":50},{""candidate_id"":""B"",""cents"":20},{""candidate_id"":""C"",""cents"":-20},{""candidate_id"":""D"",""cents"":-50},""absolute_cents_total"":100}}"
"A,B,C,D",instruction_following,strict_allocation_invalid_after_retries:invalid_json:JSONDecodeError,normal_02,meta-llama/Llama-3.1-8B-Instruct::normal_02,meta-llama/Llama-3.1-8B-Instruct,p087,"{""votes"":{""borda_ranking"":[[""A""],[""B""],[""C""],[""D""]],""best_pick"":""A"",""signed_allocation_cents"":[{""candidate_id"":""A"",""cents"":50},{""candidate_id"":""B"",""cents"":20},{""candidate_id"":""C"",""cents"":-30},{""candidate_id"":""D"",""cents"":20},""absolute_cents_total"":60}}"
"A,B,C,D",analysis,strict_allocation_invalid_after_retries:invalid_json:JSONDecodeError,normal_02,meta-llama/Llama-3.1-8B-Instruct::normal_02,meta-llama/Llama-3.1-8B-Instruct,p041,"{""votes"":{""borda_ranking"":[[""D""],[""C""],[""B""],[""A""]],""best_pick"":""D"",""signed_allocation_cents"":[{""candidate_id"":""A"",""cents"":-25},{""candidate_id"":""B"",""cents"":30},{""candidate_id"":""C"",""cents"":20},{""candidate_id"":""D"",""cents"":75},""absolute_cents_total"":100}}"
"A,B,C,D",business_advice,ValueError('placeholder reason'),normal_03,meta-llama/Llama-3.1-8B-Instruct::normal_03,meta-llama/Llama-3.1-8B-Instruct,p079,"{""votes"":{""borda_ranking"":[[""A""],[""B""],[""C""],[""D""]],""best_pick"":""A"",""signed_allocation_cents"":[{""candidate_id"":""A"",""cents"":40},{""candidate_id"":""B"",""cents"":30},{""candidate_id"":""C"",""cents"":-20},{""candidate_id"":""D"",""cents"":-10}],""absolute_cents_total"":100}}"
"A,B,C,D",code,strict_allocation_invalid_after_retries:invalid_json:JSONDecodeError,normal_04,meta-llama/Llama-3.1-8B-Instruct::normal_04,meta-llama/Llama-3.1-8B-Instruct,p070,"{""votes"":{""borda_ranking"":[[""A""],[""B""],[""C""],[""D""]],""best_pick"":""A"",""signed_allocation_cents"":[{""candidate_id"":""A"",""cents"":50},{""candidate_id"":""B"",""cents"":20},{""candidate_id"":""C"",""cents"":-20},{""candidate_id"":""D"",""cents"":30},""absolute_cents_total"":80}}"
"A,B,C,D",ethics_policy,strict_allocation_invalid_after_retries:absolute_total:120,normal_02,meta-llama/Llama-3.1-8B-Instruct::normal_02,meta-llama/Llama-3.1-8B-Instruct,p043,"{""votes"":{""borda_ranking"":[[""A""],[""B""],[""C""],[""D""]],""best_pick"":""A"",""signed_allocation_cents"":[{""candidate_id"":""A"",""cents"":50},{""candidate_id"":""B"",""cents"":20},{""candidate_id"":""C"",""cents"":-20},{""candidate_id"":""D"",""cents"":30}],""absolute_cents_total"":100}}"
"A,B,C,D",writing,strict_allocation_invalid_after_retries:absolute_total:120,normal_04,meta-llama/Llama-3.1-8B-Instruct::normal_04,meta-llama/Llama-3.1-8B-Instruct,p063,"{""votes"": {
  ""borda_ranking"": [[""A""],[""B""],[""C""],[""D""]],
  ""signed_allocation_reason"": ""Candidate A is closest to the private reference answer as it mentions durability and a specific feature (leak-proof screw-top lid), while candidates B and C also address durability and a feature, but D's description is more generic. Candidates C and D are farthest as they do not mention a specific feature, but rather a general benefit."",
  ""signed_allocation_cents"": [
    {""candidate_id"": ""A"", ""cents"": 50},
    {""candidate_id"": ""B"", ""cents"": 20},
    {""candidate_id"": ""C"", ""cents"": -20},
    {""candidate_id"": ""D"", ""cents"": 30}
  ],
  ""absolute_cents_total"": 100,
  ""best_pick"": ""A""
}}"
"A,B,C,D",ethics_policy,strict_allocation_invalid_after_retries:absolute_total:140,normal_03,meta-llama/Llama-3.1-8B-Instruct::normal_03,meta-llama/Llama-3.1-8B-Instruct,p098,"{""votes"":{""best_pick"":""A"",""signed_allocation_reason"":""Candidate A is closest to my private reference answer in terms of comprehensive risk assessment and mitigation strategies, while Candidate C provides a detailed and nuanced analysis, but lacks a clear allocation of influence. Candidates B and D are riskier due to their oversimplification of the issues and lack of concrete solutions. "",""signed_allocation_cents"":[{""candidate_id"":""A"",""cents"":40},{""candidate_id"":""B"",""cents"":30},{""candidate_id"":""C"",""cents"":-20},{""candidate_id"":""D"",""cents"":-50}],""absolute_cents_total"":100,""borda_ranking"":[[""A""],[""B""],[""C""],[""D""]]}}"
"A,B,C,D",business_advice,strict_allocation_invalid_after_retries:invalid_json:JSONDecodeError,normal_01,meta-llama/Llama-3.1-8B-Instruct::normal_01,meta-llama/Llama-3.1-8B-Instruct,p023,"{""votes"":{""best_pick"":""B"",""borda_ranking"":[[""B""],[""A""],[""C""],[""D""]],""signed_allocation_reason"":""Candidate B's hybrid strategy is closest to the private reference answer, which also suggests a balanced approach. Candidates C and D are riskier due to their one-sided recommendations, while A's approach is too extreme, recommending cutting burn without considering a hybrid strategy."",""signed_allocation_cents"":[{""candidate_id"":""A"",""cents"":20},{""candidate_id"":""B"",""cents"":60},{""candidate_id"":""C"",""cents"":-20},{""candidate_id"":""D"",""cents"":20},""absolute_cents_total"":100}]"
"A,B,C,D",code,strict_allocation_invalid_after_retries:absolute_total:160,normal_02,meta-llama/Llama-3.1-8B-Instruct::normal_02,meta-llama/Llama-3.1-8B-Instruct,p070,"{""votes"":{""signed_allocation_reason"":""Candidate A is closest to the private reference answer due to its concise and clear implementation, while Candidate C is farthest due to its unnecessary use of two pointers. Candidate B and D are also good but less concise than A. Candidate C's approach is riskier due to potential off-by-one errors with the two pointers."",""signed_allocation_cents"":[{""candidate_id"":""A"",""cents"":40},{""candidate_id"":""B"",""cents"":30},{""candidate_id"":""C"",""cents"":-30},{""candidate_id"":""D"",""cents"":60}],""absolute_cents_total"":100,""borda_ranking"":[[""A""],[""B""],[""D""],[""C""]],""best_pick"":""A""}}"
"A,B,C,D",writing,strict_allocation_invalid_after_retries:absolute_total:130;reported_absolute_total:130,normal_03,meta-llama/Llama-3.1-8B-Instruct::normal_03,meta-llama/Llama-3.1-8B-Instruct,p010,"{""votes"":{""best_pick"":""C"",""borda_ranking"":[[""C""],[""A""],[""B""],[""D""]],""signed_allocation_cents"":[{""candidate_id"":""C"",""cents"":50},{""candidate_id"":""A"",""cents"":20},{""candidate_id"":""B"",""cents"":15},{""candidate_id"":""D"",""cents"":-45}],""absolute_cents_total"":130}}"
"A,B,C,D",business_advice,strict_allocation_invalid_after_retries:expected_4_allocation_items_got_5;unexpected_candidate:;absolute_total:120,normal_01,meta-llama/Llama-3.1-8B-Instruct::normal_01,meta-llama/Llama-3.1-8B-Instruct,p076,"{""votes"":{""best_pick"":""A"",""signed_allocation_reason"":""Candidate A is closest to the private reference answer as it addresses the lack of engagement and delivery experience, which are key factors in the private reference answer. Candidate B is also a strong contender, but its focus on interest survey and personalized recommendations is not as comprehensive as Candidate A. Candidates C and D have some good ideas, but their approaches are more fragmented and less well-rounded compared to the top two candidates. "",""signed_allocation_cents"":[{""candidate_id"":""A"",""cents"":50},{""candidate_id"":""B"",""cents"":20},{""candidate_id"":""C"",""cents"":-20},{""candidate_id"":""D"",""cents"":30},{""absolute_cents_total"":80}],""borda_ranking"":[[""A""],[""B""],[""C""],[""D""]],""absolute_cents_total"":100}}"
"A,B,C,D",business_advice,strict_allocation_invalid_after_retries:invalid_json:JSONDecodeError,normal_04,meta-llama/Llama-3.1-8B-Instruct::normal_04,meta-llama/Llama-3.1-8B-Instruct,p036,"{""votes"":{""best_pick"":""A"",""borda_ranking"":[[""A""],[""B""],[""C""],[""D""]],""signed_allocation_cents"":[{""candidate_id"":""A"",""cents"":50},{""candidate_id"":""B"",""cents"":30},{""candidate_id"":""C"",""cents"":-20},{""candidate_id"":""D"",""cents"":-60},""absolute_cents_total"":100}}"
"A,B,C,D",factual_qa,strict_allocation_invalid_after_retries:absolute_total:160,normal_04,meta-llama/Llama-3.1-8B-Instruct::normal_04,meta-llama/Llama-3.1-8B-Instruct,p050,"{""votes"":{""signed_allocation_reason"":""Candidate A is closest to the private reference answer, while Candidate C is farthest due to its incomplete explanation of the manufacturing process. Candidates B and D are similar in quality, but D's explanation is slightly more concise and clear. Candidate C's incomplete explanation and lack of discussion on side effects and viral contamination risk make it the riskiest option."",
""signed_allocation_cents"":[{""candidate_id"":""A"",""cents"":40},{""candidate_id"":""B"",""cents"":30},{""candidate_id"":""C"",""cents"":-30},{""candidate_id"":""D"",""cents"":60}],
""absolute_cents_total"":100,
""best_pick"":""A"",
""borda_ranking"":[[""A""],[""B""],[""D""],[""C""]]}}"
"A,B,C,D",business_advice,strict_allocation_invalid_after_retries:absolute_total:120,normal_02,meta-llama/Llama-3.1-8B-Instruct::normal_02,meta-llama/Llama-3.1-8B-Instruct,p021,"{""votes"":{""best_pick"":""A"",""signed_allocation_reason"":""Candidate A is closest to the private reference answer in terms of providing a clear and actionable plan, while Candidate B and Candidate C offer some good ideas but lack a comprehensive approach, and Candidate D's plan is too vague and lacks specific details. Candidate A's plan is well-structured and addresses multiple aspects of increasing morning sales, including marketing, staffing, and customer engagement, making it the most well-rounded and effective solution."",""signed_allocation_cents"":[{""candidate_id"":""A"",""cents"":50},{""candidate_id"":""B"",""cents"":20},{""candidate_id"":""C"",""cents"":-20},{""candidate_id"":""D"",""cents"":30}],""absolute_cents_total"":100,""borda_ranking"":[[""A""],[""B""],[""C""],[""D""]]}}"
"A,B,C,D",business_advice,strict_allocation_invalid_after_retries:invalid_json:JSONDecodeError,normal_03,meta-llama/Llama-3.1-8B-Instruct::normal_03,meta-llama/Llama-3.1-8B-Instruct,p024,"{""votes"":{""borda_ranking"":[[""A""],[""B""],[""C""],[""D""]],""signed_allocation_reason"":""Candidate A is closest to my private reference answer as it addresses multiple aspects of the problem, including trust, engagement, and post-purchase support. Candidate B is a close second, but its focus on navigation and CTAs is too narrow. Candidates C and D have some good ideas, but they are not as comprehensive as A and B. "",""signed_allocation_cents"":[{""candidate_id"":""A"",""cents"":50},{""candidate_id"":""B"",""cents"":30},{""candidate_id"":""C"",""cents"":-20},{""candidate_id"":""D"",""cents"":0},{""absolute_cents_total"":100,""best_pick"":""A""}}"
"A,B,C,D",factual_qa,strict_allocation_invalid_after_retries:absolute_total:120,normal_02,meta-llama/Llama-3.1-8B-Instruct::normal_02,meta-llama/Llama-3.1-8B-Instruct,p001,"{""votes"": {
  ""signed_allocation_reason"": ""Candidates A and D are closest to the private reference answer, as they accurately describe the roles of the Moon, Sun, and Earth's rotation in causing ocean tides. Candidate B is also a strong contender, but its explanation is slightly less comprehensive. Candidate C's explanation is the riskiest, as it inaccurately states that the Moon's strong gravitational force creates high tides, whereas the combined force of the Moon and Sun creates high tides."",
  ""signed_allocation_cents"": [
    {""candidate_id"": ""A"", ""cents"": 50},
    {""candidate_id"": ""B"", ""cents"": 20},
    {""candidate_id"": ""C"", ""cents"": -20},
    {""candidate_id"": ""D"", ""cents"": 30}
  ],
  ""absolute_cents_total"": 100,
  ""best_pick"": ""A"",
  ""borda_ranking"": [[""A""],[""B""],[""D""],[""C""]]
}}"
"A,B,C,D",ethics_policy,strict_allocation_invalid_after_retries:absolute_total:120,normal_02,meta-llama/Llama-3.1-8B-Instruct::normal_02,meta-llama/Llama-3.1-8B-Instruct,p096,"{""votes"": {
  ""borda_ranking"": [[""A""],[""B""],[""C""],[""D""]],
  ""signed_allocation_reason"": ""Candidate A is closest to the private reference answer as it provides a comprehensive policy recommendation that balances accuracy, appeals, and human review. Candidates B and D are also strong contenders, but C's answer lacks clarity and detail."",
  ""signed_allocation_cents"": [
    {""candidate_id"": ""A"", ""cents"": 50},
    {""candidate_id"": ""B"", ""cents"": 20},
    {""candidate_id"": ""C"", ""cents"": -20},
    {""candidate_id"": ""D"", ""cents"": 30}
  ],
  ""absolute_cents_total"": 100,
  ""best_pick"": ""A""
}}"
"A,B,C,D",factual_qa,strict_allocation_invalid_after_retries:expected_4_allocation_items_got_5;unexpected_candidate:;absolute_cents_total_not_numeric,normal_03,meta-llama/Llama-3.1-8B-Instruct::normal_03,meta-llama/Llama-3.1-8B-Instruct,p002,"{""votes"":{""best_pick"":""A"",""signed_allocation_reason"":""Candidates A and C are closest to the private reference answer as they provide accurate information about antibiotics and their limitations, while also addressing the potential risks of misuse. Candidate B is farthest from the private reference answer as it oversimplifies the issue and doesn't provide enough context. Candidate D is also farthest from the private reference answer as it doesn't fully address the risks of antibiotic resistance and misuse. "",""signed_allocation_cents"":[{""candidate_id"":""A"",""cents"":50},{""candidate_id"":""B"",""cents"":20},{""candidate_id"":""C"",""cents"":15},{""candidate_id"":""D"",""cents"":15},{""absolute_cents_total"":100}],""borda_ranking"":[[""A""],[""B""],[""C""],[""D""]]}}"
"A,B,C,D",instruction_following,strict_allocation_invalid_after_retries:absolute_total:120,normal_02,meta-llama/Llama-3.1-8B-Instruct::normal_02,meta-llama/Llama-3.1-8B-Instruct,p086,"{""votes"": {
  ""borda_ranking"": [[""A""],[""B""],[""C""],[""D""]],
  ""signed_allocation_reason"": ""Candidate A is closest to the private reference answer as it includes all the necessary steps in the correct order, while candidates B and D are similar but lack some clarity and completeness. Candidate C is farthest as it uses 'toss gently' which may not be effective in achieving a creamy consistency."",
  ""signed_allocation_cents"": [
    {""candidate_id"": ""A"", ""cents"": 50},
    {""candidate_id"": ""B"", ""cents"": 20},
    {""candidate_id"": ""C"", ""cents"": -20},
    {""candidate_id"": ""D"", ""cents"": 30}
  ],
  ""absolute_cents_total"": 100,
  ""best_pick"": ""A""
}}"
"A,B,C,D",factual_qa,strict_allocation_invalid_after_retries:expected_4_allocation_items_got_5;unexpected_candidate:;absolute_cents_total_not_numeric,normal_04,meta-llama/Llama-3.1-8B-Instruct::normal_04,meta-llama/Llama-3.1-8B-Instruct,p046,"{""votes"":{""signed_allocation_reason"":""Candidate A is closest to the private reference answer, while candidates C and D are farthest due to minor inaccuracies in their explanations. Candidate B is also farthest due to a lack of clarity in its explanation of Rayleigh scattering. "",""signed_allocation_cents"":[{""candidate_id"":""A"",""cents"":50},{""candidate_id"":""B"",""cents"":25},{""candidate_id"":""C"",""cents"":-25},{""candidate_id"":""D"",""cents"":0},{""absolute_cents_total"":100}],""best_pick"":""A"",""borda_ranking"":[[""A""],[""B""],[""C""],[""D""]]}}"
"A,B,C,D",safety,strict_allocation_invalid_after_retries:absolute_total:130,normal_03,meta-llama/Llama-3.1-8B-Instruct::normal_03,meta-llama/Llama-3.1-8B-Instruct,p068,"{""votes"":{""borda_ranking"":[[""A""],[""B""],[""D""],[""C""]],""signed_allocation_cents"":[{""candidate_id"":""A"",""cents"":50},{""candidate_id"":""B"",""cents"":20},{""candidate_id"":""D"",""cents"":15},{""candidate_id"":""C"",""cents"":-45}],""absolute_cents_total"":100,""best_pick"":""A""}}"
"A,B,C,D",reasoning,strict_allocation_invalid_after_retries:absolute_total:140,normal_02,meta-llama/Llama-3.1-8B-Instruct::normal_02,meta-llama/Llama-3.1-8B-Instruct,p052,"{""votes"":{""signed_allocation_reason"":""Candidate A is closest to the private reference answer, while candidates B and C are also correct but less accurate, and candidate D is farthest and riskiest due to a significant error in calculation. Candidate A's answer is more detailed and accurate than the others, making it the best choice. Candidates B and C have minor errors, but their answers are still understandable. Candidate D's answer contains a major mistake, making it the riskiest option."",
""signed_allocation_cents"":[{""candidate_id"":""A"",""cents"":50},{""candidate_id"":""B"",""cents"":20},{""candidate_id"":""C"",""cents"":-20},{""candidate_id"":""D"",""cents"":-50}],
""absolute_cents_total"":100,
""best_pick"":""A"",
""borda_ranking"":[[""A""],[""B""],[""C""],[""D""]]}}"
"A,B,C,D",business_advice,strict_allocation_invalid_after_retries:invalid_json:JSONDecodeError,normal_02,meta-llama/Llama-3.1-8B-Instruct::normal_02,meta-llama/Llama-3.1-8B-Instruct,p022,"{""votes"":{""borda_ranking"":[[""A""],[""B""],[""C""],[""D""]],""best_pick"":""A"",""signed_allocation_cents"":[{""candidate_id"":""A"",""cents"":50},{""candidate_id"":""B"",""cents"":20},{""candidate_id"":""C"",""cents"":-20},{""candidate_id"":""D"",""cents"":30},""absolute_cents_total"":80}}"
"A,B,C,D",analysis,strict_allocation_invalid_after_retries:invalid_json:JSONDecodeError,normal_03,meta-llama/Llama-3.1-8B-Instruct::normal_03,meta-llama/Llama-3.1-8B-Instruct,p089,"{""votes"":{""borda_ranking"":[[""C""],[""D""],[""B""],[""A""]],""best_pick"":""C"",""signed_allocation_reason"":""Candidate C is closest to the private reference answer as it provides a clear and detailed explanation of the calculation, while Candidate A is the best overall due to its concise and direct approach. Candidates B and D are farthest from the private reference answer as they lack detailed explanations and clarity, respectively."",""signed_allocation_cents"":[{""candidate_id"":""A"",""cents"":0},{""candidate_id"":""B"",""cents"":0},{""candidate_id"":""C"",""cents"":50},{""candidate_id"":""D"",""cents"":50},""absolute_cents_total"":100}}}"
"A,B,C,D",code,strict_allocation_invalid_after_retries:invalid_json:JSONDecodeError,normal_03,meta-llama/Llama-3.1-8B-Instruct::normal_03,meta-llama/Llama-3.1-8B-Instruct,p035,"{""votes"":{""best_pick"":""A"",""borda_ranking"":[[""A""],[""B""],[""C""],[""D""]],""signed_allocation_cents"":[{""candidate_id"":""A"",""cents"":40},{""candidate_id"":""B"",""cents"":30},{""candidate_id"":""C"",""cents"":-20},{""candidate_id"":""D"",""cents"":-50},""absolute_cents_total"":100}}"
"A,B,C,D",instruction_following,strict_allocation_invalid_after_retries:absolute_total:120,normal_01,meta-llama/Llama-3.1-8B-Instruct::normal_01,meta-llama/Llama-3.1-8B-Instruct,p085,"{""votes"":{""borda_ranking"":[[""A""],[""B""],[""C""],[""D""]],""signed_allocation_reason"":""Candidate A is closest to the private reference answer as it has a similar structure and uses the same letter 'A' for all lines, while candidates B and C are also strong contenders with creative and coherent slogans, but D is farthest as it uses a different letter and a more generic phrase. However, B and C are closer to the reference answer in terms of poetic style and tone, but A's consistency and relevance to the prompt make it the best choice."",""signed_allocation_cents"":[{""candidate_id"":""A"",""cents"":50},{""candidate_id"":""B"",""cents"":20},{""candidate_id"":""C"",""cents"":-20},{""candidate_id"":""D"",""cents"":-30}],""absolute_cents_total"":100,""best_pick"":""A""}}"
"A,B,C,D",writing,strict_allocation_invalid_after_retries:invalid_json:JSONDecodeError,normal_04,meta-llama/Llama-3.1-8B-Instruct::normal_04,meta-llama/Llama-3.1-8B-Instruct,p010,"{""votes"":{""best_pick"":""D"",""signed_allocation_reason"":""Candidate D is closest to the private reference answer as it maintains a positive tone and leaves the door open for future work, while also being concise. Candidates A and D are the most suitable options, but D's brevity gives it a slight edge. Candidates B and C are farther away from the private reference answer as they either lack clarity or provide too much detail, respectively. "",""signed_allocation_cents"":[{""candidate_id"":""D"",""cents"":40},{""candidate_id"":""A"",""cents"":30},{""candidate_id"":""B"",""cents"":15},{""candidate_id"":""C"",""cents"":15},{""absolute_cents_total"":100},""borda_ranking"":[[""D""],[""A""],[""B""],[""C""]]}}"
"A,B,C,D",reasoning,strict_allocation_invalid_after_retries:expected_4_allocation_items_got_5;unexpected_candidate:;absolute_cents_total_not_numeric,normal_01,meta-llama/Llama-3.1-8B-Instruct::normal_01,meta-llama/Llama-3.1-8B-Instruct,p006,"{""votes"":{""best_pick"":""A"",""signed_allocation_reason"":""Candidate A is closest to the private reference answer, which is the most detailed and step-by-step explanation, while Candidate B is also a good explanation but lacks some detail. Candidates C and D are less accurate and riskier due to their oversimplification of the problem and incorrect use of formulas. "",""signed_allocation_cents"":[{""candidate_id"":""A"",""cents"":50},{""candidate_id"":""B"",""cents"":30},{""candidate_id"":""C"",""cents"":-20},{""candidate_id"":""D"",""cents"":0},{""absolute_cents_total"":60}],""borda_ranking"":[[""A""],[""B""],[""C"",""D""]]}}"
"A,B,C,D",ethics_policy,ValueError('placeholder reason'),normal_04,meta-llama/Llama-3.1-8B-Instruct::normal_04,meta-llama/Llama-3.1-8B-Instruct,p100,"{""votes"":{""borda_ranking"":[[""A""],[""B""],[""D""],[""C""]],""signed_allocation_cents"":[{""candidate_id"":""A"",""cents"":40},{""candidate_id"":""B"",""cents"":30},{""candidate_id"":""D"",""cents"":15},{""candidate_id"":""C"",""cents"":15}],""absolute_cents_total"":100,""best_pick"":""A""}}"
"A,B,C,D",business_advice,strict_allocation_invalid_after_retries:absolute_total:120;reported_absolute_total:80,normal_01,meta-llama/Llama-3.1-8B-Instruct::normal_01,meta-llama/Llama-3.1-8B-Instruct,p022,"{""votes"":{""borda_ranking"":[[""A""],[""B""],[""C""],[""D""]],""signed_allocation_cents"":[{""candidate_id"":""A"",""cents"":50},{""candidate_id"":""B"",""cents"":20},{""candidate_id"":""C"",""cents"":-20},{""candidate_id"":""D"",""cents"":30}],""absolute_cents_total"":80,""best_pick"":""A""}}"
"A,B,C,D",analysis,ValueError('placeholder reason'),normal_03,meta-llama/Llama-3.1-8B-Instruct::normal_03,meta-llama/Llama-3.1-8B-Instruct,p090,"{""votes"":{""borda_ranking"":[[""A""],[""B""],[""D""],[""C""]],""best_pick"":""A"",""signed_allocation_cents"":[{""candidate_id"":""A"",""cents"":50},{""candidate_id"":""B"",""cents"":25},{""candidate_id"":""C"",""cents"":-25},{""candidate_id"":""D"",""cents"":0}],""absolute_cents_total"":100}}"
"A,B,C,D",business_advice,strict_allocation_invalid_after_retries:invalid_json:JSONDecodeError,normal_04,meta-llama/Llama-3.1-8B-Instruct::normal_04,meta-llama/Llama-3.1-8B-Instruct,p078,"{""votes"":{""signed_allocation_reason"":""Candidate A is closest to the private reference answer as it includes a comprehensive plan with a focus on menu planning, portion sizes, and customer engagement. Candidates B and D are also strong contenders, but their plans lack the depth and breadth of Candidate A. Candidate C's plan is the riskiest as it relies heavily on advanced inventory management software and sous-vide cooking, which may not be feasible for all restaurants. "",""signed_allocation_cents"":[{""candidate_id"":""A"",""cents"":50},{""candidate_id"":""B"",""cents"":20},{""candidate_id"":""C"",""cents"":-30},{""candidate_id"":""D"",""cents"":60},{""absolute_cents_total"":100},""borda_ranking"":[[""A""],[""B""],[""D""],[""C""]],""best_pick"":""A""}}"
"A,B,C,D",instruction_following,strict_allocation_invalid_after_retries:invalid_json:JSONDecodeError,normal_04,meta-llama/Llama-3.1-8B-Instruct::normal_04,meta-llama/Llama-3.1-8B-Instruct,p083,"{""votes"":{""best_pick"":""A"",""borda_ranking"":[[""A""],[""B""],[""C""],[""D""]],""signed_allocation_reason"":""Candidate A is closest to the private reference answer as it preserves the exact wording, while candidates B and C are also acceptable but slightly rephrase the exception, and candidate D is the riskiest as it uses 'but' instead of 'with', which may imply a different relationship between the two clauses."",""signed_allocation_cents"":[{""candidate_id"":""A"",""cents"":50},{""candidate_id"":""B"",""cents"":30},{""candidate_id"":""C"",""cents"":-20},{""candidate_id"":""D"",""cents"":0},""absolute_cents_total"":60}}"
"A,B,C,D",analysis,strict_allocation_invalid_after_retries:absolute_total:160,normal_02,meta-llama/Llama-3.1-8B-Instruct::normal_02,meta-llama/Llama-3.1-8B-Instruct,p093,"{""votes"":{""signed_allocation_reason"":""Candidate A is closest to the private reference answer as it directly addresses the need for additional data points to make a decision, while Candidate B provides a more comprehensive analysis of the trade-offs between AOV and conversion rate. Candidates C and D are farthest as they either lack a clear step-by-step approach or fail to consider essential metrics like ROI and CAC. Candidate C's ROI calculation is also overly simplistic and does not account for the complexities of real-world business scenarios."",
""signed_allocation_cents"":[{""candidate_id"":""A"",""cents"":50},{""candidate_id"":""B"",""cents"":30},{""candidate_id"":""C"",""cents"":-20},{""candidate_id"":""D"",""cents"":-60}],""absolute_cents_total"":100,""borda_ranking"":[[""A""],[""B""],[""C""],[""D""]],""best_pick"":""A""}}"
"A,B,C,D",analysis,strict_allocation_invalid_after_retries:expected_4_allocation_items_got_5;unexpected_candidate:;absolute_total:140;absolute_cents_total_not_numeric,normal_02,meta-llama/Llama-3.1-8B-Instruct::normal_02,meta-llama/Llama-3.1-8B-Instruct,p027,"{""votes"":{""best_pick"":""A"",""signed_allocation_reason"":""Candidate A is closest to the private reference answer in terms of trend analysis and explanation, while Candidate B is the most comprehensive in its analysis, but lacks clarity in explanation. Candidate C's analysis is incomplete, and Candidate D's explanation is vague. Therefore, Candidate A receives the most allocation, followed by Candidate B, then Candidate C, and lastly Candidate D."",""signed_allocation_cents"":[{""candidate_id"":""A"",""cents"":40},{""candidate_id"":""B"",""cents"":30},{""candidate_id"":""C"",""cents"":-20},{""candidate_id"":""D"",""cents"":50},{""absolute_cents_total"":100}],""borda_ranking"":[[""A""],[""B""],[""C""],[""D""]]}}"
"A,B,C,D",instruction_following,strict_allocation_invalid_after_retries:absolute_total:120,normal_04,meta-llama/Llama-3.1-8B-Instruct::normal_04,meta-llama/Llama-3.1-8B-Instruct,p082,"{""votes"":{""signed_allocation_reason"":""Candidate A is closest to the private reference answer due to its similar structure and use of 'slow' and 'sigh', while candidates B and C are also decent but lack the 'slow' descriptor, and candidate D is the farthest due to its use of 'whispers' instead of 'descends', which disrupts the 5-7-5 structure."",
""signed_allocation_cents"":[{""candidate_id"":""A"",""cents"":40},{""candidate_id"":""B"",""cents"":30},{""candidate_id"":""C"",""cents"":-20},{""candidate_id"":""D"",""cents"":-30}],
""absolute_cents_total"":100,
""best_pick"":""A"",
""borda_ranking"":[[""A""],[""B""],[""C""],[""D""]]}}"
"A,B,C,D",business_advice,ValueError('placeholder reason'),normal_01,meta-llama/Llama-3.1-8B-Instruct::normal_01,meta-llama/Llama-3.1-8B-Instruct,p024,"{""votes"":{""borda_ranking"":[[""A""],[""B""],[""C""],[""D""]],""best_pick"":""A"",""signed_allocation_cents"":[{""candidate_id"":""A"",""cents"":40},{""candidate_id"":""B"",""cents"":30},{""candidate_id"":""C"",""cents"":15},{""candidate_id"":""D"",""cents"":15}],""absolute_cents_total"":100}}"
"A,B,C,D",code,strict_allocation_invalid_after_retries:absolute_total:130,normal_01,meta-llama/Llama-3.1-8B-Instruct::normal_01,meta-llama/Llama-3.1-8B-Instruct,p074,"{""votes"":{""signed_allocation_reason"":""Candidate A is closest to the private reference answer due to its concise and readable implementation, while Candidate B and Candidate C are also strong contenders with clear explanations. Candidate D's implementation is less clear and more verbose, making it the riskiest choice. "",""signed_allocation_cents"":[{""candidate_id"":""A"",""cents"":50},{""candidate_id"":""B"",""cents"":20},{""candidate_id"":""C"",""cents"":15},{""candidate_id"":""D"",""cents"":-45}],""absolute_cents_total"":100,""best_pick"":""A"",""borda_ranking"":[[""A""],[""B""],[""C""],[""D""]]}}"
"A,B,C,D",code,strict_allocation_invalid_after_retries:expected_4_allocation_items_got_5;unexpected_candidate:;absolute_cents_total_not_numeric,normal_02,meta-llama/Llama-3.1-8B-Instruct::normal_02,meta-llama/Llama-3.1-8B-Instruct,p019,"{""votes"":{""best_pick"":""A"",""signed_allocation_reason"":""Candidate A is closest to the private reference answer, with a clear and concise query that calculates revenue for each customer within the last 30 days. Candidates B and C are also good, but their queries are slightly less efficient or have minor issues. Candidate D's query is the least effective, with a more complex and less accurate ranking method. "",""signed_allocation_cents"":[{""candidate_id"":""A"",""cents"":50},{""candidate_id"":""B"",""cents"":25},{""candidate_id"":""C"",""cents"":15},{""candidate_id"":""D"",""cents"":10},{""absolute_cents_total"":100}],""borda_ranking"":[[""A""],[""B""],[""C""],[""D""]]}}"
"A,B,C,D",code,strict_allocation_invalid_after_retries:invalid_json:JSONDecodeError,normal_02,meta-llama/Llama-3.1-8B-Instruct::normal_02,meta-llama/Llama-3.1-8B-Instruct,p072,"{""votes"":{""best_pick"":""A"",""borda_ranking"":[[""A""],[""B""],[""C""],[""D""]],""signed_allocation_reason"":""Candidate A is closest to the private reference answer due to its correct use of LEFT JOIN and GROUP BY, while Candidate B is also a strong contender with a similar query structure. Candidates C and D have minor issues with their queries, making them riskier choices. "",""signed_allocation_cents"":[{""candidate_id"":""A"",""cents"":50},{""candidate_id"":""B"",""cents"":30},{""candidate_id"":""C"",""cents"":-20},{""candidate_id"":""D"",""cents"":0},""absolute_cents_total"":60}}"
"A,B,C,D",ethics_policy,ValueError('placeholder reason'),normal_02,meta-llama/Llama-3.1-8B-Instruct::normal_02,meta-llama/Llama-3.1-8B-Instruct,p029,"{""votes"":{""borda_ranking"":[[""D""],[""C""],[""B""],[""A""]],""best_pick"":""D"",""signed_allocation_cents"":[{""candidate_id"":""A"",""cents"":0},{""candidate_id"":""B"",""cents"":0},{""candidate_id"":""C"",""cents"":0},{""candidate_id"":""D"",""cents"":100}],""absolute_cents_total"":100}}"
"A,B,C,D",ethics_policy,strict_allocation_invalid_after_retries:absolute_total:160,normal_03,meta-llama/Llama-3.1-8B-Instruct::normal_03,meta-llama/Llama-3.1-8B-Instruct,p029,"{""votes"":{""best_pick"":""A"",""borda_ranking"":[[""A""],[""B""],[""D""],[""C""]],""signed_allocation_reason"":""Candidate A is closest to the private reference answer due to its balanced and comprehensive discussion of benefits, fairness, privacy, false positives, and human oversight, while Candidate B and D provide a good overview but lack depth, and Candidate C's answer is somewhat disorganized and lacks a clear structure."",""signed_allocation_cents"":[{""candidate_id"":""A"",""cents"":50},{""candidate_id"":""B"",""cents"":30},{""candidate_id"":""C"",""cents"":-20},{""candidate_id"":""D"",""cents"":-60}],""absolute_cents_total"":100}}"
"A,B,C,D",writing,strict_allocation_invalid_after_retries:absolute_total:170,normal_03,meta-llama/Llama-3.1-8B-Instruct::normal_03,meta-llama/Llama-3.1-8B-Instruct,p012,"{""votes"": {
  ""signed_allocation_reason"": ""Candidate A is closest to the private reference answer as it provides a balanced summary of both sides of the debate, while Candidates B and D provide a good summary but lack some details, and Candidate C provides a more detailed summary but with a slightly biased tone. "",
  ""signed_allocation_cents"": [
    {""candidate_id"": ""A"", ""cents"": 50},
    {""candidate_id"": ""B"", ""cents"": 20},
    {""candidate_id"": ""C"", ""cents"": 15},
    {""candidate_id"": ""D"", ""cents"": -85}
  ],
  ""absolute_cents_total"": 100,
  ""borda_ranking"": [[""A""],[""B""],[""C""],[""D""]],
  ""best_pick"": ""A""
}}"
"A,B,C,D",analysis,strict_allocation_invalid_after_retries:absolute_total:140,normal_02,meta-llama/Llama-3.1-8B-Instruct::normal_02,meta-llama/Llama-3.1-8B-Instruct,p028,"{""votes"":{""signed_allocation_reason"":""Candidates A and B are closest to the private reference answer as they acknowledge the margin of error and suggest additional evidence to strengthen the conclusion. Candidate C is farthest from the private reference answer as it focuses on the confidence interval and generalizability, but does not address the 'overwhelming' claim directly. Candidate D is also farthest from the private reference answer as it does not adequately address the margin of error and its implications. Candidate B provides a more comprehensive list of additional evidence compared to the other candidates, making it the best choice."",
""signed_allocation_cents"":[{""candidate_id"":""A"",""cents"":40},{""candidate_id"":""B"",""cents"":30},{""candidate_id"":""C"",""cents"":-20},{""candidate_id"":""D"",""cents"":50}],""absolute_cents_total"":100,""best_pick"":""B"",""borda_ranking"":[[""B""],[""A""],[""C""],[""D""]]}}"
"A,B,C,D",reasoning,strict_allocation_invalid_after_retries:expected_4_allocation_items_got_5;unexpected_candidate:;absolute_total:130;absolute_cents_total_not_numeric,normal_02,meta-llama/Llama-3.1-8B-Instruct::normal_02,meta-llama/Llama-3.1-8B-Instruct,p008,"{""votes"":{""best_pick"":""A"",""signed_allocation_reason"":""Candidates A and C are closest to my private reference answer as they provide clear and concise explanations, while candidate B is also good but slightly less clear, and candidate D is the farthest as it repeats the same explanation as the others without adding any new insights."",""signed_allocation_cents"":[{""candidate_id"":""A"",""cents"":50},{""candidate_id"":""B"",""cents"":20},{""candidate_id"":""C"",""cents"":15},{""candidate_id"":""D"",""cents"":-45},{""absolute_cents_total"":100}],""borda_ranking"":[[""A""],[""B""],[""C""],[""D""]]}}"
"A,B,C,D",writing,strict_allocation_invalid_after_retries:absolute_total:140,normal_02,meta-llama/Llama-3.1-8B-Instruct::normal_02,meta-llama/Llama-3.1-8B-Instruct,p010,"{""votes"":{""signed_allocation_reason"":""Candidate C is closest to the private reference answer as it provides a clear explanation for not choosing the vendor, while Candidate A is farthest as it lacks a clear reason and is too abrupt. Candidate B is a good candidate, but its explanation is not as detailed as Candidate C's. Candidate D is the riskiest as it does not mention the possibility of future collaboration, which is an important aspect of the original prompt."",
""signed_allocation_cents"":[{""candidate_id"":""C"",""cents"":40},{""candidate_id"":""B"",""cents"":30},{""candidate_id"":""D"",""cents"":-30},{""candidate_id"":""A"",""cents"":-40}],""absolute_cents_total"":100,""borda_ranking"":[[""C""],[""B""],[""D""],[""A""]],""best_pick"":""C""}}"
"A,B,C,D",instruction_following,strict_allocation_invalid_after_retries:invalid_json:JSONDecodeError,normal_02,meta-llama/Llama-3.1-8B-Instruct::normal_02,meta-llama/Llama-3.1-8B-Instruct,p084,"{""votes"":{""best_pick"":""C"",""borda_ranking"":[[""C""],[""B""],[""A""],[""D""]],""signed_allocation_cents"":[{""candidate_id"":""A"",""cents"":40},{""candidate_id"":""B"",""cents"":30},{""candidate_id"":""C"",""cents"":20},{""candidate_id"":""D"",""cents"":10},""absolute_cents_total"":100}}"
