allocation,best_pick_vote,borda_points,candidate_id,domain,evaluator,prompt_id
0.45,1.0,3.0,A,factual_qa,meta-llama/Llama-3.1-8B-Instruct::normal_03,p001
0.15,0.0,2.0,B,factual_qa,meta-llama/Llama-3.1-8B-Instruct::normal_03,p001
-0.25,0.0,1.0,C,factual_qa,meta-llama/Llama-3.1-8B-Instruct::normal_03,p001
-0.15,0.0,0.0,D,factual_qa,meta-llama/Llama-3.1-8B-Instruct::normal_03,p001
0.45,1.0,3.0,A,factual_qa,meta-llama/Llama-3.1-8B-Instruct::normal_01,p002
0.15,0.0,2.0,B,factual_qa,meta-llama/Llama-3.1-8B-Instruct::normal_01,p002
-0.25,0.0,1.0,C,factual_qa,meta-llama/Llama-3.1-8B-Instruct::normal_01,p002
-0.15,0.0,0.0,D,factual_qa,meta-llama/Llama-3.1-8B-Instruct::normal_01,p002
0.5,1.0,3.0,A,factual_qa,meta-llama/Llama-3.1-8B-Instruct::normal_02,p002
0.2,0.0,2.0,B,factual_qa,meta-llama/Llama-3.1-8B-Instruct::normal_02,p002
0.15,0.0,1.0,C,factual_qa,meta-llama/Llama-3.1-8B-Instruct::normal_02,p002
0.15,0.0,0.0,D,factual_qa,meta-llama/Llama-3.1-8B-Instruct::normal_02,p002
0.45,1.0,3.0,A,factual_qa,meta-llama/Llama-3.1-8B-Instruct::normal_04,p002
0.15,0.0,2.0,B,factual_qa,meta-llama/Llama-3.1-8B-Instruct::normal_04,p002
-0.25,0.0,1.0,C,factual_qa,meta-llama/Llama-3.1-8B-Instruct::normal_04,p002
-0.15,0.0,0.0,D,factual_qa,meta-llama/Llama-3.1-8B-Instruct::normal_04,p002
0.45,1.0,3.0,A,factual_qa,meta-llama/Llama-3.1-8B-Instruct::normal_02,p003
0.15,0.0,2.0,B,factual_qa,meta-llama/Llama-3.1-8B-Instruct::normal_02,p003
-0.25,0.0,1.0,C,factual_qa,meta-llama/Llama-3.1-8B-Instruct::normal_02,p003
-0.15,0.0,0.0,D,factual_qa,meta-llama/Llama-3.1-8B-Instruct::normal_02,p003
0.45,1.0,3.0,A,factual_qa,meta-llama/Llama-3.1-8B-Instruct::normal_03,p003
0.15,0.0,2.0,B,factual_qa,meta-llama/Llama-3.1-8B-Instruct::normal_03,p003
-0.25,0.0,1.0,C,factual_qa,meta-llama/Llama-3.1-8B-Instruct::normal_03,p003
-0.15,0.0,0.0,D,factual_qa,meta-llama/Llama-3.1-8B-Instruct::normal_03,p003
0.5,1.0,3.0,A,factual_qa,meta-llama/Llama-3.1-8B-Instruct::normal_02,p004
0.25,0.0,2.0,B,factual_qa,meta-llama/Llama-3.1-8B-Instruct::normal_02,p004
-0.25,0.0,1.0,C,factual_qa,meta-llama/Llama-3.1-8B-Instruct::normal_02,p004
0.0,0.0,0.0,D,factual_qa,meta-llama/Llama-3.1-8B-Instruct::normal_02,p004
0.5,1.0,3.0,A,factual_qa,meta-llama/Llama-3.1-8B-Instruct::normal_03,p004
0.25,0.0,2.0,B,factual_qa,meta-llama/Llama-3.1-8B-Instruct::normal_03,p004
-0.25,0.0,1.0,C,factual_qa,meta-llama/Llama-3.1-8B-Instruct::normal_03,p004
0.0,0.0,0.0,D,factual_qa,meta-llama/Llama-3.1-8B-Instruct::normal_03,p004
0.4,1.0,3.0,A,reasoning,meta-llama/Llama-3.1-8B-Instruct::normal_01,p005
0.3,0.0,2.0,B,reasoning,meta-llama/Llama-3.1-8B-Instruct::normal_01,p005
-0.3,0.0,1.0,C,reasoning,meta-llama/Llama-3.1-8B-Instruct::normal_01,p005
0.0,0.0,0.0,D,reasoning,meta-llama/Llama-3.1-8B-Instruct::normal_01,p005
0.4,1.0,3.0,A,reasoning,meta-llama/Llama-3.1-8B-Instruct::normal_02,p005
0.3,0.0,2.0,B,reasoning,meta-llama/Llama-3.1-8B-Instruct::normal_02,p005
-0.3,0.0,1.0,C,reasoning,meta-llama/Llama-3.1-8B-Instruct::normal_02,p005
0.0,0.0,0.0,D,reasoning,meta-llama/Llama-3.1-8B-Instruct::normal_02,p005
0.45,1.0,3.0,A,reasoning,meta-llama/Llama-3.1-8B-Instruct::normal_03,p005
0.15,0.0,2.0,B,reasoning,meta-llama/Llama-3.1-8B-Instruct::normal_03,p005
-0.25,0.0,1.0,C,reasoning,meta-llama/Llama-3.1-8B-Instruct::normal_03,p005
-0.15,0.0,0.0,D,reasoning,meta-llama/Llama-3.1-8B-Instruct::normal_03,p005
0.45,1.0,3.0,A,reasoning,meta-llama/Llama-3.1-8B-Instruct::normal_04,p005
0.15,0.0,2.0,B,reasoning,meta-llama/Llama-3.1-8B-Instruct::normal_04,p005
-0.25,0.0,1.0,C,reasoning,meta-llama/Llama-3.1-8B-Instruct::normal_04,p005
-0.15,0.0,0.0,D,reasoning,meta-llama/Llama-3.1-8B-Instruct::normal_04,p005
0.4,1.0,3.0,A,reasoning,meta-llama/Llama-3.1-8B-Instruct::normal_02,p006
0.3,0.0,2.0,B,reasoning,meta-llama/Llama-3.1-8B-Instruct::normal_02,p006
-0.3,0.0,1.0,C,reasoning,meta-llama/Llama-3.1-8B-Instruct::normal_02,p006
0.0,0.0,0.0,D,reasoning,meta-llama/Llama-3.1-8B-Instruct::normal_02,p006
0.45,1.0,3.0,A,reasoning,meta-llama/Llama-3.1-8B-Instruct::normal_04,p006
0.15,0.0,2.0,B,reasoning,meta-llama/Llama-3.1-8B-Instruct::normal_04,p006
-0.25,0.0,1.0,C,reasoning,meta-llama/Llama-3.1-8B-Instruct::normal_04,p006
-0.15,0.0,0.0,D,reasoning,meta-llama/Llama-3.1-8B-Instruct::normal_04,p006
0.45,1.0,3.0,A,reasoning,meta-llama/Llama-3.1-8B-Instruct::normal_01,p007
0.15,0.0,2.0,B,reasoning,meta-llama/Llama-3.1-8B-Instruct::normal_01,p007
-0.25,0.0,1.0,C,reasoning,meta-llama/Llama-3.1-8B-Instruct::normal_01,p007
-0.15,0.0,0.0,D,reasoning,meta-llama/Llama-3.1-8B-Instruct::normal_01,p007
0.45,1.0,3.0,A,reasoning,meta-llama/Llama-3.1-8B-Instruct::normal_02,p007
0.15,0.0,2.0,B,reasoning,meta-llama/Llama-3.1-8B-Instruct::normal_02,p007
-0.25,0.0,1.0,C,reasoning,meta-llama/Llama-3.1-8B-Instruct::normal_02,p007
-0.15,0.0,0.0,D,reasoning,meta-llama/Llama-3.1-8B-Instruct::normal_02,p007
0.45,1.0,3.0,A,reasoning,meta-llama/Llama-3.1-8B-Instruct::normal_03,p007
0.15,0.0,2.0,B,reasoning,meta-llama/Llama-3.1-8B-Instruct::normal_03,p007
-0.25,0.0,1.0,C,reasoning,meta-llama/Llama-3.1-8B-Instruct::normal_03,p007
-0.15,0.0,0.0,D,reasoning,meta-llama/Llama-3.1-8B-Instruct::normal_03,p007
0.45,1.0,3.0,A,reasoning,meta-llama/Llama-3.1-8B-Instruct::normal_04,p007
0.15,0.0,2.0,B,reasoning,meta-llama/Llama-3.1-8B-Instruct::normal_04,p007
-0.25,0.0,1.0,C,reasoning,meta-llama/Llama-3.1-8B-Instruct::normal_04,p007
-0.15,0.0,0.0,D,reasoning,meta-llama/Llama-3.1-8B-Instruct::normal_04,p007
0.45,1.0,3.0,A,reasoning,meta-llama/Llama-3.1-8B-Instruct::normal_03,p008
0.15,0.0,2.0,B,reasoning,meta-llama/Llama-3.1-8B-Instruct::normal_03,p008
-0.25,0.0,1.0,C,reasoning,meta-llama/Llama-3.1-8B-Instruct::normal_03,p008
-0.15,0.0,0.0,D,reasoning,meta-llama/Llama-3.1-8B-Instruct::normal_03,p008
0.45,1.0,3.0,A,reasoning,meta-llama/Llama-3.1-8B-Instruct::normal_04,p008
0.15,0.0,2.0,B,reasoning,meta-llama/Llama-3.1-8B-Instruct::normal_04,p008
-0.25,0.0,1.0,C,reasoning,meta-llama/Llama-3.1-8B-Instruct::normal_04,p008
-0.15,0.0,0.0,D,reasoning,meta-llama/Llama-3.1-8B-Instruct::normal_04,p008
0.45,1.0,3.0,A,writing,meta-llama/Llama-3.1-8B-Instruct::normal_02,p009
0.15,0.0,2.0,B,writing,meta-llama/Llama-3.1-8B-Instruct::normal_02,p009
-0.25,0.0,1.0,C,writing,meta-llama/Llama-3.1-8B-Instruct::normal_02,p009
-0.15,0.0,0.0,D,writing,meta-llama/Llama-3.1-8B-Instruct::normal_02,p009
0.45,1.0,3.0,A,writing,meta-llama/Llama-3.1-8B-Instruct::normal_04,p009
0.15,0.0,2.0,B,writing,meta-llama/Llama-3.1-8B-Instruct::normal_04,p009
-0.25,0.0,1.0,C,writing,meta-llama/Llama-3.1-8B-Instruct::normal_04,p009
-0.15,0.0,0.0,D,writing,meta-llama/Llama-3.1-8B-Instruct::normal_04,p009
0.45,1.0,3.0,A,writing,meta-llama/Llama-3.1-8B-Instruct::normal_04,p011
0.15,0.0,2.0,B,writing,meta-llama/Llama-3.1-8B-Instruct::normal_04,p011
-0.25,0.0,1.0,C,writing,meta-llama/Llama-3.1-8B-Instruct::normal_04,p011
-0.15,0.0,0.0,D,writing,meta-llama/Llama-3.1-8B-Instruct::normal_04,p011
0.4,1.0,3.0,A,writing,meta-llama/Llama-3.1-8B-Instruct::normal_01,p012
0.3,0.0,2.0,B,writing,meta-llama/Llama-3.1-8B-Instruct::normal_01,p012
-0.3,0.0,1.0,C,writing,meta-llama/Llama-3.1-8B-Instruct::normal_01,p012
0.0,0.0,0.0,D,writing,meta-llama/Llama-3.1-8B-Instruct::normal_01,p012
0.45,1.0,3.0,A,writing,meta-llama/Llama-3.1-8B-Instruct::normal_02,p012
0.15,0.0,2.0,B,writing,meta-llama/Llama-3.1-8B-Instruct::normal_02,p012
-0.25,0.0,1.0,C,writing,meta-llama/Llama-3.1-8B-Instruct::normal_02,p012
-0.15,0.0,0.0,D,writing,meta-llama/Llama-3.1-8B-Instruct::normal_02,p012
0.5,1.0,3.0,A,writing,meta-llama/Llama-3.1-8B-Instruct::normal_04,p012
0.25,0.0,2.0,B,writing,meta-llama/Llama-3.1-8B-Instruct::normal_04,p012
-0.25,0.0,1.0,C,writing,meta-llama/Llama-3.1-8B-Instruct::normal_04,p012
0.0,0.0,0.0,D,writing,meta-llama/Llama-3.1-8B-Instruct::normal_04,p012
0.45,1.0,3.0,A,safety,meta-llama/Llama-3.1-8B-Instruct::normal_01,p013
0.15,0.0,2.0,B,safety,meta-llama/Llama-3.1-8B-Instruct::normal_01,p013
-0.25,0.0,1.0,C,safety,meta-llama/Llama-3.1-8B-Instruct::normal_01,p013
-0.15,0.0,0.0,D,safety,meta-llama/Llama-3.1-8B-Instruct::normal_01,p013
0.45,1.0,3.0,A,safety,meta-llama/Llama-3.1-8B-Instruct::normal_02,p013
0.15,0.0,2.0,B,safety,meta-llama/Llama-3.1-8B-Instruct::normal_02,p013
-0.25,0.0,0.0,C,safety,meta-llama/Llama-3.1-8B-Instruct::normal_02,p013
-0.15,0.0,1.0,D,safety,meta-llama/Llama-3.1-8B-Instruct::normal_02,p013
0.45,1.0,3.0,A,safety,meta-llama/Llama-3.1-8B-Instruct::normal_03,p013
0.15,0.0,2.0,B,safety,meta-llama/Llama-3.1-8B-Instruct::normal_03,p013
-0.25,0.0,1.0,C,safety,meta-llama/Llama-3.1-8B-Instruct::normal_03,p013
-0.15,0.0,0.0,D,safety,meta-llama/Llama-3.1-8B-Instruct::normal_03,p013
0.45,1.0,3.0,A,safety,meta-llama/Llama-3.1-8B-Instruct::normal_02,p014
0.15,0.0,2.0,B,safety,meta-llama/Llama-3.1-8B-Instruct::normal_02,p014
-0.25,0.0,1.0,C,safety,meta-llama/Llama-3.1-8B-Instruct::normal_02,p014
-0.15,0.0,0.0,D,safety,meta-llama/Llama-3.1-8B-Instruct::normal_02,p014
0.45,1.0,3.0,A,safety,meta-llama/Llama-3.1-8B-Instruct::normal_01,p015
0.15,0.0,2.0,B,safety,meta-llama/Llama-3.1-8B-Instruct::normal_01,p015
-0.25,0.0,1.0,C,safety,meta-llama/Llama-3.1-8B-Instruct::normal_01,p015
-0.15,0.0,0.0,D,safety,meta-llama/Llama-3.1-8B-Instruct::normal_01,p015
0.4,1.0,3.0,A,safety,meta-llama/Llama-3.1-8B-Instruct::normal_03,p015
0.3,0.0,2.0,B,safety,meta-llama/Llama-3.1-8B-Instruct::normal_03,p015
-0.3,0.0,1.0,C,safety,meta-llama/Llama-3.1-8B-Instruct::normal_03,p015
0.0,0.0,0.0,D,safety,meta-llama/Llama-3.1-8B-Instruct::normal_03,p015
0.45,1.0,3.0,A,safety,meta-llama/Llama-3.1-8B-Instruct::normal_04,p015
0.15,0.0,2.0,B,safety,meta-llama/Llama-3.1-8B-Instruct::normal_04,p015
-0.25,0.0,1.0,C,safety,meta-llama/Llama-3.1-8B-Instruct::normal_04,p015
-0.15,0.0,0.0,D,safety,meta-llama/Llama-3.1-8B-Instruct::normal_04,p015
0.45,1.0,3.0,A,safety,meta-llama/Llama-3.1-8B-Instruct::normal_04,p016
0.15,0.0,2.0,B,safety,meta-llama/Llama-3.1-8B-Instruct::normal_04,p016
-0.25,0.0,1.0,C,safety,meta-llama/Llama-3.1-8B-Instruct::normal_04,p016
-0.15,0.0,0.0,D,safety,meta-llama/Llama-3.1-8B-Instruct::normal_04,p016
0.45,1.0,3.0,A,code,meta-llama/Llama-3.1-8B-Instruct::normal_01,p017
0.15,0.0,2.0,B,code,meta-llama/Llama-3.1-8B-Instruct::normal_01,p017
-0.25,0.0,1.0,C,code,meta-llama/Llama-3.1-8B-Instruct::normal_01,p017
-0.15,0.0,0.0,D,code,meta-llama/Llama-3.1-8B-Instruct::normal_01,p017
0.4,1.0,3.0,A,code,meta-llama/Llama-3.1-8B-Instruct::normal_02,p017
0.3,0.0,2.0,B,code,meta-llama/Llama-3.1-8B-Instruct::normal_02,p017
0.15,0.0,1.0,C,code,meta-llama/Llama-3.1-8B-Instruct::normal_02,p017
0.15,0.0,0.0,D,code,meta-llama/Llama-3.1-8B-Instruct::normal_02,p017
0.45,1.0,3.0,A,code,meta-llama/Llama-3.1-8B-Instruct::normal_03,p017
0.15,0.0,2.0,B,code,meta-llama/Llama-3.1-8B-Instruct::normal_03,p017
-0.25,0.0,1.0,C,code,meta-llama/Llama-3.1-8B-Instruct::normal_03,p017
-0.15,0.0,0.0,D,code,meta-llama/Llama-3.1-8B-Instruct::normal_03,p017
0.4,1.0,3.0,A,code,meta-llama/Llama-3.1-8B-Instruct::normal_04,p017
0.3,0.0,2.0,B,code,meta-llama/Llama-3.1-8B-Instruct::normal_04,p017
-0.3,0.0,1.0,C,code,meta-llama/Llama-3.1-8B-Instruct::normal_04,p017
0.0,0.0,0.0,D,code,meta-llama/Llama-3.1-8B-Instruct::normal_04,p017
0.4,1.0,3.0,A,code,meta-llama/Llama-3.1-8B-Instruct::normal_01,p018
0.3,0.0,2.0,B,code,meta-llama/Llama-3.1-8B-Instruct::normal_01,p018
-0.3,0.0,1.0,C,code,meta-llama/Llama-3.1-8B-Instruct::normal_01,p018
0.0,0.0,0.0,D,code,meta-llama/Llama-3.1-8B-Instruct::normal_01,p018
0.45,1.0,3.0,A,code,meta-llama/Llama-3.1-8B-Instruct::normal_03,p018
0.15,0.0,2.0,B,code,meta-llama/Llama-3.1-8B-Instruct::normal_03,p018
-0.25,0.0,1.0,C,code,meta-llama/Llama-3.1-8B-Instruct::normal_03,p018
-0.15,0.0,0.0,D,code,meta-llama/Llama-3.1-8B-Instruct::normal_03,p018
0.45,1.0,3.0,A,code,meta-llama/Llama-3.1-8B-Instruct::normal_01,p019
0.15,0.0,2.0,B,code,meta-llama/Llama-3.1-8B-Instruct::normal_01,p019
-0.25,0.0,1.0,C,code,meta-llama/Llama-3.1-8B-Instruct::normal_01,p019
-0.15,0.0,0.0,D,code,meta-llama/Llama-3.1-8B-Instruct::normal_01,p019
0.4,1.0,3.0,A,code,meta-llama/Llama-3.1-8B-Instruct::normal_01,p020
0.3,0.0,2.0,B,code,meta-llama/Llama-3.1-8B-Instruct::normal_01,p020
-0.3,0.0,1.0,C,code,meta-llama/Llama-3.1-8B-Instruct::normal_01,p020
0.0,0.0,0.0,D,code,meta-llama/Llama-3.1-8B-Instruct::normal_01,p020
0.45,1.0,3.0,A,code,meta-llama/Llama-3.1-8B-Instruct::normal_02,p020
0.15,0.0,2.0,B,code,meta-llama/Llama-3.1-8B-Instruct::normal_02,p020
-0.25,0.0,1.0,C,code,meta-llama/Llama-3.1-8B-Instruct::normal_02,p020
-0.15,0.0,0.0,D,code,meta-llama/Llama-3.1-8B-Instruct::normal_02,p020
0.45,1.0,3.0,A,code,meta-llama/Llama-3.1-8B-Instruct::normal_04,p020
0.15,0.0,2.0,B,code,meta-llama/Llama-3.1-8B-Instruct::normal_04,p020
-0.25,0.0,1.0,C,code,meta-llama/Llama-3.1-8B-Instruct::normal_04,p020
-0.15,0.0,0.0,D,code,meta-llama/Llama-3.1-8B-Instruct::normal_04,p020
0.45,1.0,3.0,A,business_advice,meta-llama/Llama-3.1-8B-Instruct::normal_03,p021
0.15,0.0,2.0,B,business_advice,meta-llama/Llama-3.1-8B-Instruct::normal_03,p021
-0.25,0.0,1.0,C,business_advice,meta-llama/Llama-3.1-8B-Instruct::normal_03,p021
-0.15,0.0,0.0,D,business_advice,meta-llama/Llama-3.1-8B-Instruct::normal_03,p021
0.45,1.0,3.0,A,business_advice,meta-llama/Llama-3.1-8B-Instruct::normal_04,p021
0.15,0.0,2.0,B,business_advice,meta-llama/Llama-3.1-8B-Instruct::normal_04,p021
-0.25,0.0,1.0,C,business_advice,meta-llama/Llama-3.1-8B-Instruct::normal_04,p021
-0.15,0.0,0.0,D,business_advice,meta-llama/Llama-3.1-8B-Instruct::normal_04,p021
0.4,1.0,3.0,A,business_advice,meta-llama/Llama-3.1-8B-Instruct::normal_03,p022
0.3,0.0,2.0,B,business_advice,meta-llama/Llama-3.1-8B-Instruct::normal_03,p022
-0.3,0.0,1.0,C,business_advice,meta-llama/Llama-3.1-8B-Instruct::normal_03,p022
0.0,0.0,0.0,D,business_advice,meta-llama/Llama-3.1-8B-Instruct::normal_03,p022
0.4,1.0,3.0,A,business_advice,meta-llama/Llama-3.1-8B-Instruct::normal_04,p022
0.3,0.0,2.0,B,business_advice,meta-llama/Llama-3.1-8B-Instruct::normal_04,p022
-0.3,0.0,1.0,C,business_advice,meta-llama/Llama-3.1-8B-Instruct::normal_04,p022
0.0,0.0,0.0,D,business_advice,meta-llama/Llama-3.1-8B-Instruct::normal_04,p022
0.4,1.0,3.0,A,business_advice,meta-llama/Llama-3.1-8B-Instruct::normal_03,p023
0.3,0.0,2.0,B,business_advice,meta-llama/Llama-3.1-8B-Instruct::normal_03,p023
-0.2,0.0,0.5,C,business_advice,meta-llama/Llama-3.1-8B-Instruct::normal_03,p023
-0.1,0.0,0.5,D,business_advice,meta-llama/Llama-3.1-8B-Instruct::normal_03,p023
0.45,1.0,3.0,A,business_advice,meta-llama/Llama-3.1-8B-Instruct::normal_04,p023
0.15,0.0,2.0,B,business_advice,meta-llama/Llama-3.1-8B-Instruct::normal_04,p023
-0.25,0.0,1.0,C,business_advice,meta-llama/Llama-3.1-8B-Instruct::normal_04,p023
-0.15,0.0,0.0,D,business_advice,meta-llama/Llama-3.1-8B-Instruct::normal_04,p023
0.45,1.0,3.0,A,business_advice,meta-llama/Llama-3.1-8B-Instruct::normal_02,p024
0.15,0.0,2.0,B,business_advice,meta-llama/Llama-3.1-8B-Instruct::normal_02,p024
-0.25,0.0,1.0,C,business_advice,meta-llama/Llama-3.1-8B-Instruct::normal_02,p024
-0.15,0.0,0.0,D,business_advice,meta-llama/Llama-3.1-8B-Instruct::normal_02,p024
0.4,1.0,3.0,A,business_advice,meta-llama/Llama-3.1-8B-Instruct::normal_04,p024
0.3,0.0,2.0,B,business_advice,meta-llama/Llama-3.1-8B-Instruct::normal_04,p024
-0.3,0.0,0.5,C,business_advice,meta-llama/Llama-3.1-8B-Instruct::normal_04,p024
0.0,0.0,0.5,D,business_advice,meta-llama/Llama-3.1-8B-Instruct::normal_04,p024
0.45,1.0,3.0,A,instruction_following,meta-llama/Llama-3.1-8B-Instruct::normal_01,p026
0.15,0.0,2.0,B,instruction_following,meta-llama/Llama-3.1-8B-Instruct::normal_01,p026
-0.25,0.0,1.0,C,instruction_following,meta-llama/Llama-3.1-8B-Instruct::normal_01,p026
-0.15,0.0,0.0,D,instruction_following,meta-llama/Llama-3.1-8B-Instruct::normal_01,p026
0.45,1.0,3.0,A,instruction_following,meta-llama/Llama-3.1-8B-Instruct::normal_03,p026
0.15,0.0,2.0,B,instruction_following,meta-llama/Llama-3.1-8B-Instruct::normal_03,p026
-0.25,0.0,1.0,C,instruction_following,meta-llama/Llama-3.1-8B-Instruct::normal_03,p026
-0.15,0.0,0.0,D,instruction_following,meta-llama/Llama-3.1-8B-Instruct::normal_03,p026
0.45,1.0,3.0,A,analysis,meta-llama/Llama-3.1-8B-Instruct::normal_03,p027
0.15,0.0,2.0,B,analysis,meta-llama/Llama-3.1-8B-Instruct::normal_03,p027
-0.25,0.0,1.0,C,analysis,meta-llama/Llama-3.1-8B-Instruct::normal_03,p027
-0.15,0.0,0.0,D,analysis,meta-llama/Llama-3.1-8B-Instruct::normal_03,p027
0.45,1.0,3.0,A,analysis,meta-llama/Llama-3.1-8B-Instruct::normal_01,p028
0.15,0.0,2.0,B,analysis,meta-llama/Llama-3.1-8B-Instruct::normal_01,p028
-0.25,0.0,1.0,C,analysis,meta-llama/Llama-3.1-8B-Instruct::normal_01,p028
-0.15,0.0,0.0,D,analysis,meta-llama/Llama-3.1-8B-Instruct::normal_01,p028
0.5,1.0,3.0,A,analysis,meta-llama/Llama-3.1-8B-Instruct::normal_03,p028
0.25,0.0,2.0,B,analysis,meta-llama/Llama-3.1-8B-Instruct::normal_03,p028
-0.25,0.0,1.0,C,analysis,meta-llama/Llama-3.1-8B-Instruct::normal_03,p028
0.0,0.0,0.0,D,analysis,meta-llama/Llama-3.1-8B-Instruct::normal_03,p028
0.45,1.0,3.0,A,analysis,meta-llama/Llama-3.1-8B-Instruct::normal_04,p028
0.15,0.0,2.0,B,analysis,meta-llama/Llama-3.1-8B-Instruct::normal_04,p028
-0.25,0.0,1.0,C,analysis,meta-llama/Llama-3.1-8B-Instruct::normal_04,p028
-0.15,0.0,0.0,D,analysis,meta-llama/Llama-3.1-8B-Instruct::normal_04,p028
0.45,1.0,3.0,A,ethics_policy,meta-llama/Llama-3.1-8B-Instruct::normal_01,p030
0.15,0.0,2.0,B,ethics_policy,meta-llama/Llama-3.1-8B-Instruct::normal_01,p030
-0.25,0.0,1.0,C,ethics_policy,meta-llama/Llama-3.1-8B-Instruct::normal_01,p030
-0.15,0.0,0.0,D,ethics_policy,meta-llama/Llama-3.1-8B-Instruct::normal_01,p030
0.45,1.0,3.0,A,ethics_policy,meta-llama/Llama-3.1-8B-Instruct::normal_02,p030
0.15,0.0,2.0,B,ethics_policy,meta-llama/Llama-3.1-8B-Instruct::normal_02,p030
-0.25,0.0,1.0,C,ethics_policy,meta-llama/Llama-3.1-8B-Instruct::normal_02,p030
-0.15,0.0,0.0,D,ethics_policy,meta-llama/Llama-3.1-8B-Instruct::normal_02,p030
0.45,1.0,3.0,A,ethics_policy,meta-llama/Llama-3.1-8B-Instruct::normal_03,p030
0.15,0.0,2.0,B,ethics_policy,meta-llama/Llama-3.1-8B-Instruct::normal_03,p030
-0.25,0.0,1.0,C,ethics_policy,meta-llama/Llama-3.1-8B-Instruct::normal_03,p030
-0.15,0.0,0.0,D,ethics_policy,meta-llama/Llama-3.1-8B-Instruct::normal_03,p030
0.4,1.0,3.0,A,ethics_policy,meta-llama/Llama-3.1-8B-Instruct::normal_04,p030
0.3,0.0,2.0,B,ethics_policy,meta-llama/Llama-3.1-8B-Instruct::normal_04,p030
-0.3,0.0,0.5,C,ethics_policy,meta-llama/Llama-3.1-8B-Instruct::normal_04,p030
0.0,0.0,0.5,D,ethics_policy,meta-llama/Llama-3.1-8B-Instruct::normal_04,p030
0.45,1.0,3.0,A,factual_qa,meta-llama/Llama-3.1-8B-Instruct::normal_02,p031
0.15,0.0,2.0,B,factual_qa,meta-llama/Llama-3.1-8B-Instruct::normal_02,p031
-0.25,0.0,1.0,C,factual_qa,meta-llama/Llama-3.1-8B-Instruct::normal_02,p031
-0.15,0.0,0.0,D,factual_qa,meta-llama/Llama-3.1-8B-Instruct::normal_02,p031
0.45,1.0,3.0,A,reasoning,meta-llama/Llama-3.1-8B-Instruct::normal_03,p032
0.15,0.0,2.0,B,reasoning,meta-llama/Llama-3.1-8B-Instruct::normal_03,p032
-0.25,0.0,1.0,C,reasoning,meta-llama/Llama-3.1-8B-Instruct::normal_03,p032
-0.15,0.0,0.0,D,reasoning,meta-llama/Llama-3.1-8B-Instruct::normal_03,p032
0.4,1.0,2.5,A,writing,meta-llama/Llama-3.1-8B-Instruct::normal_01,p033
0.15,0.0,1.0,B,writing,meta-llama/Llama-3.1-8B-Instruct::normal_01,p033
0.3,0.0,2.5,C,writing,meta-llama/Llama-3.1-8B-Instruct::normal_01,p033
0.15,0.0,0.0,D,writing,meta-llama/Llama-3.1-8B-Instruct::normal_01,p033
0.45,1.0,3.0,A,writing,meta-llama/Llama-3.1-8B-Instruct::normal_04,p033
0.15,0.0,2.0,B,writing,meta-llama/Llama-3.1-8B-Instruct::normal_04,p033
-0.25,0.0,1.0,C,writing,meta-llama/Llama-3.1-8B-Instruct::normal_04,p033
-0.15,0.0,0.0,D,writing,meta-llama/Llama-3.1-8B-Instruct::normal_04,p033
0.45,1.0,3.0,A,safety,meta-llama/Llama-3.1-8B-Instruct::normal_04,p034
0.15,0.0,2.0,B,safety,meta-llama/Llama-3.1-8B-Instruct::normal_04,p034
-0.25,0.0,1.0,C,safety,meta-llama/Llama-3.1-8B-Instruct::normal_04,p034
-0.15,0.0,0.0,D,safety,meta-llama/Llama-3.1-8B-Instruct::normal_04,p034
0.45,1.0,3.0,A,code,meta-llama/Llama-3.1-8B-Instruct::normal_02,p035
0.15,0.0,2.0,B,code,meta-llama/Llama-3.1-8B-Instruct::normal_02,p035
-0.25,0.0,1.0,C,code,meta-llama/Llama-3.1-8B-Instruct::normal_02,p035
-0.15,0.0,0.0,D,code,meta-llama/Llama-3.1-8B-Instruct::normal_02,p035
0.45,1.0,3.0,A,code,meta-llama/Llama-3.1-8B-Instruct::normal_04,p035
0.15,0.0,2.0,B,code,meta-llama/Llama-3.1-8B-Instruct::normal_04,p035
-0.25,0.0,1.0,C,code,meta-llama/Llama-3.1-8B-Instruct::normal_04,p035
-0.15,0.0,0.0,D,code,meta-llama/Llama-3.1-8B-Instruct::normal_04,p035
0.4,1.0,3.0,A,business_advice,meta-llama/Llama-3.1-8B-Instruct::normal_01,p036
0.3,0.0,2.0,B,business_advice,meta-llama/Llama-3.1-8B-Instruct::normal_01,p036
0.15,0.0,1.0,C,business_advice,meta-llama/Llama-3.1-8B-Instruct::normal_01,p036
0.15,0.0,0.0,D,business_advice,meta-llama/Llama-3.1-8B-Instruct::normal_01,p036
0.45,1.0,3.0,A,business_advice,meta-llama/Llama-3.1-8B-Instruct::normal_02,p036
0.15,0.0,2.0,B,business_advice,meta-llama/Llama-3.1-8B-Instruct::normal_02,p036
-0.25,0.0,1.0,C,business_advice,meta-llama/Llama-3.1-8B-Instruct::normal_02,p036
-0.15,0.0,0.0,D,business_advice,meta-llama/Llama-3.1-8B-Instruct::normal_02,p036
0.5,1.0,3.0,A,business_advice,meta-llama/Llama-3.1-8B-Instruct::normal_03,p036
0.2,0.0,2.0,B,business_advice,meta-llama/Llama-3.1-8B-Instruct::normal_03,p036
0.15,0.0,1.0,C,business_advice,meta-llama/Llama-3.1-8B-Instruct::normal_03,p036
0.15,0.0,0.0,D,business_advice,meta-llama/Llama-3.1-8B-Instruct::normal_03,p036
0.45,1.0,3.0,A,instruction_following,meta-llama/Llama-3.1-8B-Instruct::normal_01,p037
0.15,0.0,2.0,B,instruction_following,meta-llama/Llama-3.1-8B-Instruct::normal_01,p037
-0.25,0.0,1.0,C,instruction_following,meta-llama/Llama-3.1-8B-Instruct::normal_01,p037
-0.15,0.0,0.0,D,instruction_following,meta-llama/Llama-3.1-8B-Instruct::normal_01,p037
0.4,1.0,3.0,A,instruction_following,meta-llama/Llama-3.1-8B-Instruct::normal_04,p037
0.3,0.0,2.0,B,instruction_following,meta-llama/Llama-3.1-8B-Instruct::normal_04,p037
-0.2,0.0,0.5,C,instruction_following,meta-llama/Llama-3.1-8B-Instruct::normal_04,p037
-0.1,0.0,0.5,D,instruction_following,meta-llama/Llama-3.1-8B-Instruct::normal_04,p037
0.4,1.0,3.0,A,instruction_following,meta-llama/Llama-3.1-8B-Instruct::normal_01,p038
0.3,0.0,2.0,B,instruction_following,meta-llama/Llama-3.1-8B-Instruct::normal_01,p038
-0.3,0.0,1.0,C,instruction_following,meta-llama/Llama-3.1-8B-Instruct::normal_01,p038
0.0,0.0,0.0,D,instruction_following,meta-llama/Llama-3.1-8B-Instruct::normal_01,p038
0.45,1.0,3.0,A,instruction_following,meta-llama/Llama-3.1-8B-Instruct::normal_03,p038
0.15,0.0,2.0,B,instruction_following,meta-llama/Llama-3.1-8B-Instruct::normal_03,p038
-0.25,0.0,1.0,C,instruction_following,meta-llama/Llama-3.1-8B-Instruct::normal_03,p038
-0.15,0.0,0.0,D,instruction_following,meta-llama/Llama-3.1-8B-Instruct::normal_03,p038
0.45,1.0,3.0,A,instruction_following,meta-llama/Llama-3.1-8B-Instruct::normal_02,p039
0.15,0.0,2.0,B,instruction_following,meta-llama/Llama-3.1-8B-Instruct::normal_02,p039
-0.25,0.0,1.0,C,instruction_following,meta-llama/Llama-3.1-8B-Instruct::normal_02,p039
-0.15,0.0,0.0,D,instruction_following,meta-llama/Llama-3.1-8B-Instruct::normal_02,p039
0.5,1.0,3.0,A,instruction_following,meta-llama/Llama-3.1-8B-Instruct::normal_04,p039
0.25,0.0,2.0,B,instruction_following,meta-llama/Llama-3.1-8B-Instruct::normal_04,p039
-0.25,0.0,1.0,C,instruction_following,meta-llama/Llama-3.1-8B-Instruct::normal_04,p039
0.0,0.0,0.0,D,instruction_following,meta-llama/Llama-3.1-8B-Instruct::normal_04,p039
0.45,1.0,3.0,A,analysis,meta-llama/Llama-3.1-8B-Instruct::normal_02,p040
0.15,0.0,2.0,B,analysis,meta-llama/Llama-3.1-8B-Instruct::normal_02,p040
-0.25,0.0,1.0,C,analysis,meta-llama/Llama-3.1-8B-Instruct::normal_02,p040
-0.15,0.0,0.0,D,analysis,meta-llama/Llama-3.1-8B-Instruct::normal_02,p040
0.4,1.0,3.0,A,analysis,meta-llama/Llama-3.1-8B-Instruct::normal_03,p040
0.3,0.0,2.0,B,analysis,meta-llama/Llama-3.1-8B-Instruct::normal_03,p040
0.15,0.0,1.0,C,analysis,meta-llama/Llama-3.1-8B-Instruct::normal_03,p040
0.15,0.0,0.0,D,analysis,meta-llama/Llama-3.1-8B-Instruct::normal_03,p040
0.45,1.0,3.0,A,analysis,meta-llama/Llama-3.1-8B-Instruct::normal_04,p040
0.15,0.0,2.0,B,analysis,meta-llama/Llama-3.1-8B-Instruct::normal_04,p040
-0.25,0.0,1.0,C,analysis,meta-llama/Llama-3.1-8B-Instruct::normal_04,p040
-0.15,0.0,0.0,D,analysis,meta-llama/Llama-3.1-8B-Instruct::normal_04,p040
0.45,1.0,3.0,A,analysis,meta-llama/Llama-3.1-8B-Instruct::normal_01,p041
0.15,0.0,2.0,B,analysis,meta-llama/Llama-3.1-8B-Instruct::normal_01,p041
-0.25,0.0,1.0,C,analysis,meta-llama/Llama-3.1-8B-Instruct::normal_01,p041
-0.15,0.0,0.0,D,analysis,meta-llama/Llama-3.1-8B-Instruct::normal_01,p041
0.45,1.0,3.0,A,analysis,meta-llama/Llama-3.1-8B-Instruct::normal_04,p041
0.15,0.0,2.0,B,analysis,meta-llama/Llama-3.1-8B-Instruct::normal_04,p041
-0.25,0.0,1.0,C,analysis,meta-llama/Llama-3.1-8B-Instruct::normal_04,p041
-0.15,0.0,0.0,D,analysis,meta-llama/Llama-3.1-8B-Instruct::normal_04,p041
0.45,1.0,3.0,A,analysis,meta-llama/Llama-3.1-8B-Instruct::normal_02,p042
0.3,0.0,2.0,B,analysis,meta-llama/Llama-3.1-8B-Instruct::normal_02,p042
0.2,0.0,1.0,C,analysis,meta-llama/Llama-3.1-8B-Instruct::normal_02,p042
0.05,0.0,0.0,D,analysis,meta-llama/Llama-3.1-8B-Instruct::normal_02,p042
0.45,1.0,3.0,A,analysis,meta-llama/Llama-3.1-8B-Instruct::normal_04,p042
0.15,0.0,2.0,B,analysis,meta-llama/Llama-3.1-8B-Instruct::normal_04,p042
-0.25,0.0,1.0,C,analysis,meta-llama/Llama-3.1-8B-Instruct::normal_04,p042
-0.15,0.0,0.0,D,analysis,meta-llama/Llama-3.1-8B-Instruct::normal_04,p042
0.45,1.0,3.0,A,ethics_policy,meta-llama/Llama-3.1-8B-Instruct::normal_01,p043
0.15,0.0,2.0,B,ethics_policy,meta-llama/Llama-3.1-8B-Instruct::normal_01,p043
-0.25,0.0,1.0,C,ethics_policy,meta-llama/Llama-3.1-8B-Instruct::normal_01,p043
-0.15,0.0,0.0,D,ethics_policy,meta-llama/Llama-3.1-8B-Instruct::normal_01,p043
0.4,1.0,3.0,A,ethics_policy,meta-llama/Llama-3.1-8B-Instruct::normal_03,p043
0.3,0.0,2.0,B,ethics_policy,meta-llama/Llama-3.1-8B-Instruct::normal_03,p043
-0.3,0.0,1.0,C,ethics_policy,meta-llama/Llama-3.1-8B-Instruct::normal_03,p043
0.0,0.0,0.0,D,ethics_policy,meta-llama/Llama-3.1-8B-Instruct::normal_03,p043
0.45,1.0,3.0,A,ethics_policy,meta-llama/Llama-3.1-8B-Instruct::normal_04,p043
0.15,0.0,2.0,B,ethics_policy,meta-llama/Llama-3.1-8B-Instruct::normal_04,p043
-0.25,0.0,1.0,C,ethics_policy,meta-llama/Llama-3.1-8B-Instruct::normal_04,p043
-0.15,0.0,0.0,D,ethics_policy,meta-llama/Llama-3.1-8B-Instruct::normal_04,p043
0.45,1.0,3.0,A,ethics_policy,meta-llama/Llama-3.1-8B-Instruct::normal_01,p044
0.15,0.0,2.0,B,ethics_policy,meta-llama/Llama-3.1-8B-Instruct::normal_01,p044
-0.25,0.0,1.0,C,ethics_policy,meta-llama/Llama-3.1-8B-Instruct::normal_01,p044
-0.15,0.0,0.0,D,ethics_policy,meta-llama/Llama-3.1-8B-Instruct::normal_01,p044
0.45,1.0,3.0,A,ethics_policy,meta-llama/Llama-3.1-8B-Instruct::normal_02,p044
0.15,0.0,2.0,B,ethics_policy,meta-llama/Llama-3.1-8B-Instruct::normal_02,p044
-0.25,0.0,1.0,C,ethics_policy,meta-llama/Llama-3.1-8B-Instruct::normal_02,p044
-0.15,0.0,0.0,D,ethics_policy,meta-llama/Llama-3.1-8B-Instruct::normal_02,p044
0.45,1.0,3.0,A,ethics_policy,meta-llama/Llama-3.1-8B-Instruct::normal_03,p044
0.15,0.0,2.0,B,ethics_policy,meta-llama/Llama-3.1-8B-Instruct::normal_03,p044
-0.25,0.0,1.0,C,ethics_policy,meta-llama/Llama-3.1-8B-Instruct::normal_03,p044
-0.15,0.0,0.0,D,ethics_policy,meta-llama/Llama-3.1-8B-Instruct::normal_03,p044
0.5,1.0,3.0,A,ethics_policy,meta-llama/Llama-3.1-8B-Instruct::normal_04,p044
0.25,0.0,2.0,B,ethics_policy,meta-llama/Llama-3.1-8B-Instruct::normal_04,p044
-0.25,0.0,1.0,C,ethics_policy,meta-llama/Llama-3.1-8B-Instruct::normal_04,p044
0.0,0.0,0.0,D,ethics_policy,meta-llama/Llama-3.1-8B-Instruct::normal_04,p044
0.45,1.0,3.0,A,ethics_policy,meta-llama/Llama-3.1-8B-Instruct::normal_01,p045
0.15,0.0,2.0,B,ethics_policy,meta-llama/Llama-3.1-8B-Instruct::normal_01,p045
-0.25,0.0,1.0,C,ethics_policy,meta-llama/Llama-3.1-8B-Instruct::normal_01,p045
-0.15,0.0,0.0,D,ethics_policy,meta-llama/Llama-3.1-8B-Instruct::normal_01,p045
0.45,1.0,3.0,A,ethics_policy,meta-llama/Llama-3.1-8B-Instruct::normal_03,p045
0.15,0.0,2.0,B,ethics_policy,meta-llama/Llama-3.1-8B-Instruct::normal_03,p045
-0.25,0.0,1.0,C,ethics_policy,meta-llama/Llama-3.1-8B-Instruct::normal_03,p045
-0.15,0.0,0.0,D,ethics_policy,meta-llama/Llama-3.1-8B-Instruct::normal_03,p045
0.45,1.0,3.0,A,ethics_policy,meta-llama/Llama-3.1-8B-Instruct::normal_04,p045
0.15,0.0,2.0,B,ethics_policy,meta-llama/Llama-3.1-8B-Instruct::normal_04,p045
-0.25,0.0,1.0,C,ethics_policy,meta-llama/Llama-3.1-8B-Instruct::normal_04,p045
-0.15,0.0,0.0,D,ethics_policy,meta-llama/Llama-3.1-8B-Instruct::normal_04,p045
0.45,1.0,3.0,A,factual_qa,meta-llama/Llama-3.1-8B-Instruct::normal_01,p046
0.15,0.0,2.0,B,factual_qa,meta-llama/Llama-3.1-8B-Instruct::normal_01,p046
-0.25,0.0,1.0,C,factual_qa,meta-llama/Llama-3.1-8B-Instruct::normal_01,p046
-0.15,0.0,0.0,D,factual_qa,meta-llama/Llama-3.1-8B-Instruct::normal_01,p046
0.5,1.0,3.0,A,factual_qa,meta-llama/Llama-3.1-8B-Instruct::normal_02,p046
0.2,0.0,2.0,B,factual_qa,meta-llama/Llama-3.1-8B-Instruct::normal_02,p046
-0.2,0.0,0.5,C,factual_qa,meta-llama/Llama-3.1-8B-Instruct::normal_02,p046
-0.1,0.0,0.5,D,factual_qa,meta-llama/Llama-3.1-8B-Instruct::normal_02,p046
0.45,1.0,3.0,A,factual_qa,meta-llama/Llama-3.1-8B-Instruct::normal_03,p046
0.15,0.0,2.0,B,factual_qa,meta-llama/Llama-3.1-8B-Instruct::normal_03,p046
-0.25,0.0,1.0,C,factual_qa,meta-llama/Llama-3.1-8B-Instruct::normal_03,p046
-0.15,0.0,0.0,D,factual_qa,meta-llama/Llama-3.1-8B-Instruct::normal_03,p046
0.45,1.0,3.0,A,factual_qa,meta-llama/Llama-3.1-8B-Instruct::normal_01,p047
0.15,0.0,2.0,B,factual_qa,meta-llama/Llama-3.1-8B-Instruct::normal_01,p047
-0.25,0.0,1.0,C,factual_qa,meta-llama/Llama-3.1-8B-Instruct::normal_01,p047
-0.15,0.0,0.0,D,factual_qa,meta-llama/Llama-3.1-8B-Instruct::normal_01,p047
0.45,1.0,3.0,A,factual_qa,meta-llama/Llama-3.1-8B-Instruct::normal_02,p047
0.15,0.0,2.0,B,factual_qa,meta-llama/Llama-3.1-8B-Instruct::normal_02,p047
-0.25,0.0,1.0,C,factual_qa,meta-llama/Llama-3.1-8B-Instruct::normal_02,p047
-0.15,0.0,0.0,D,factual_qa,meta-llama/Llama-3.1-8B-Instruct::normal_02,p047
0.45,1.0,3.0,A,factual_qa,meta-llama/Llama-3.1-8B-Instruct::normal_03,p047
0.15,0.0,2.0,B,factual_qa,meta-llama/Llama-3.1-8B-Instruct::normal_03,p047
-0.25,0.0,1.0,C,factual_qa,meta-llama/Llama-3.1-8B-Instruct::normal_03,p047
-0.15,0.0,0.0,D,factual_qa,meta-llama/Llama-3.1-8B-Instruct::normal_03,p047
0.45,1.0,3.0,A,factual_qa,meta-llama/Llama-3.1-8B-Instruct::normal_04,p047
0.15,0.0,2.0,B,factual_qa,meta-llama/Llama-3.1-8B-Instruct::normal_04,p047
-0.25,0.0,1.0,C,factual_qa,meta-llama/Llama-3.1-8B-Instruct::normal_04,p047
-0.15,0.0,0.0,D,factual_qa,meta-llama/Llama-3.1-8B-Instruct::normal_04,p047
0.45,1.0,3.0,A,factual_qa,meta-llama/Llama-3.1-8B-Instruct::normal_01,p048
0.15,0.0,2.0,B,factual_qa,meta-llama/Llama-3.1-8B-Instruct::normal_01,p048
-0.25,0.0,1.0,C,factual_qa,meta-llama/Llama-3.1-8B-Instruct::normal_01,p048
-0.15,0.0,0.0,D,factual_qa,meta-llama/Llama-3.1-8B-Instruct::normal_01,p048
0.45,1.0,3.0,A,factual_qa,meta-llama/Llama-3.1-8B-Instruct::normal_02,p048
0.15,0.0,2.0,B,factual_qa,meta-llama/Llama-3.1-8B-Instruct::normal_02,p048
-0.25,0.0,1.0,C,factual_qa,meta-llama/Llama-3.1-8B-Instruct::normal_02,p048
-0.15,0.0,0.0,D,factual_qa,meta-llama/Llama-3.1-8B-Instruct::normal_02,p048
0.5,1.0,3.0,A,factual_qa,meta-llama/Llama-3.1-8B-Instruct::normal_03,p048
0.25,0.0,2.0,B,factual_qa,meta-llama/Llama-3.1-8B-Instruct::normal_03,p048
-0.25,0.0,1.0,C,factual_qa,meta-llama/Llama-3.1-8B-Instruct::normal_03,p048
0.0,0.0,0.0,D,factual_qa,meta-llama/Llama-3.1-8B-Instruct::normal_03,p048
0.45,1.0,3.0,A,factual_qa,meta-llama/Llama-3.1-8B-Instruct::normal_04,p048
0.15,0.0,2.0,B,factual_qa,meta-llama/Llama-3.1-8B-Instruct::normal_04,p048
-0.25,0.0,1.0,C,factual_qa,meta-llama/Llama-3.1-8B-Instruct::normal_04,p048
-0.15,0.0,0.0,D,factual_qa,meta-llama/Llama-3.1-8B-Instruct::normal_04,p048
0.45,1.0,3.0,A,factual_qa,meta-llama/Llama-3.1-8B-Instruct::normal_01,p049
0.15,0.0,2.0,B,factual_qa,meta-llama/Llama-3.1-8B-Instruct::normal_01,p049
-0.25,0.0,1.0,C,factual_qa,meta-llama/Llama-3.1-8B-Instruct::normal_01,p049
-0.15,0.0,0.0,D,factual_qa,meta-llama/Llama-3.1-8B-Instruct::normal_01,p049
0.45,1.0,3.0,A,factual_qa,meta-llama/Llama-3.1-8B-Instruct::normal_03,p050
0.15,0.0,2.0,B,factual_qa,meta-llama/Llama-3.1-8B-Instruct::normal_03,p050
-0.25,0.0,1.0,C,factual_qa,meta-llama/Llama-3.1-8B-Instruct::normal_03,p050
-0.15,0.0,0.0,D,factual_qa,meta-llama/Llama-3.1-8B-Instruct::normal_03,p050
0.5,1.0,3.0,A,factual_qa,meta-llama/Llama-3.1-8B-Instruct::normal_01,p051
0.2,0.0,2.0,B,factual_qa,meta-llama/Llama-3.1-8B-Instruct::normal_01,p051
-0.2,0.0,1.0,C,factual_qa,meta-llama/Llama-3.1-8B-Instruct::normal_01,p051
-0.1,0.0,0.0,D,factual_qa,meta-llama/Llama-3.1-8B-Instruct::normal_01,p051
0.4,1.0,3.0,A,factual_qa,meta-llama/Llama-3.1-8B-Instruct::normal_04,p051
0.3,0.0,2.0,B,factual_qa,meta-llama/Llama-3.1-8B-Instruct::normal_04,p051
-0.3,0.0,1.0,C,factual_qa,meta-llama/Llama-3.1-8B-Instruct::normal_04,p051
0.0,0.0,0.0,D,factual_qa,meta-llama/Llama-3.1-8B-Instruct::normal_04,p051
0.45,1.0,3.0,A,reasoning,meta-llama/Llama-3.1-8B-Instruct::normal_01,p052
0.15,0.0,2.0,B,reasoning,meta-llama/Llama-3.1-8B-Instruct::normal_01,p052
-0.25,0.0,1.0,C,reasoning,meta-llama/Llama-3.1-8B-Instruct::normal_01,p052
-0.15,0.0,0.0,D,reasoning,meta-llama/Llama-3.1-8B-Instruct::normal_01,p052
0.45,1.0,3.0,A,reasoning,meta-llama/Llama-3.1-8B-Instruct::normal_03,p053
0.15,0.0,2.0,B,reasoning,meta-llama/Llama-3.1-8B-Instruct::normal_03,p053
-0.25,0.0,1.0,C,reasoning,meta-llama/Llama-3.1-8B-Instruct::normal_03,p053
-0.15,0.0,0.0,D,reasoning,meta-llama/Llama-3.1-8B-Instruct::normal_03,p053
0.45,1.0,3.0,A,reasoning,meta-llama/Llama-3.1-8B-Instruct::normal_04,p053
0.15,0.0,2.0,B,reasoning,meta-llama/Llama-3.1-8B-Instruct::normal_04,p053
-0.25,0.0,1.0,C,reasoning,meta-llama/Llama-3.1-8B-Instruct::normal_04,p053
-0.15,0.0,0.0,D,reasoning,meta-llama/Llama-3.1-8B-Instruct::normal_04,p053
0.5,1.0,3.0,A,reasoning,meta-llama/Llama-3.1-8B-Instruct::normal_01,p054
-0.25,0.0,2.0,B,reasoning,meta-llama/Llama-3.1-8B-Instruct::normal_01,p054
-0.25,0.0,1.0,C,reasoning,meta-llama/Llama-3.1-8B-Instruct::normal_01,p054
0.0,0.0,0.0,D,reasoning,meta-llama/Llama-3.1-8B-Instruct::normal_01,p054
1.0,1.0,3.0,A,reasoning,meta-llama/Llama-3.1-8B-Instruct::normal_04,p054
0.0,0.0,2.0,B,reasoning,meta-llama/Llama-3.1-8B-Instruct::normal_04,p054
0.0,0.0,1.0,C,reasoning,meta-llama/Llama-3.1-8B-Instruct::normal_04,p054
0.0,0.0,0.0,D,reasoning,meta-llama/Llama-3.1-8B-Instruct::normal_04,p054
0.4,1.0,3.0,A,reasoning,meta-llama/Llama-3.1-8B-Instruct::normal_02,p056
0.3,0.0,2.0,B,reasoning,meta-llama/Llama-3.1-8B-Instruct::normal_02,p056
-0.3,0.0,0.5,C,reasoning,meta-llama/Llama-3.1-8B-Instruct::normal_02,p056
0.0,0.0,0.5,D,reasoning,meta-llama/Llama-3.1-8B-Instruct::normal_02,p056
0.45,1.0,3.0,A,reasoning,meta-llama/Llama-3.1-8B-Instruct::normal_04,p056
0.15,0.0,2.0,B,reasoning,meta-llama/Llama-3.1-8B-Instruct::normal_04,p056
-0.25,0.0,0.0,C,reasoning,meta-llama/Llama-3.1-8B-Instruct::normal_04,p056
-0.15,0.0,1.0,D,reasoning,meta-llama/Llama-3.1-8B-Instruct::normal_04,p056
0.45,1.0,3.0,A,writing,meta-llama/Llama-3.1-8B-Instruct::normal_04,p058
0.15,0.0,2.0,B,writing,meta-llama/Llama-3.1-8B-Instruct::normal_04,p058
-0.25,0.0,1.0,C,writing,meta-llama/Llama-3.1-8B-Instruct::normal_04,p058
-0.15,0.0,0.0,D,writing,meta-llama/Llama-3.1-8B-Instruct::normal_04,p058
0.5,1.0,3.0,A,writing,meta-llama/Llama-3.1-8B-Instruct::normal_01,p059
0.25,0.0,2.0,B,writing,meta-llama/Llama-3.1-8B-Instruct::normal_01,p059
-0.25,0.0,1.0,C,writing,meta-llama/Llama-3.1-8B-Instruct::normal_01,p059
0.0,0.0,0.0,D,writing,meta-llama/Llama-3.1-8B-Instruct::normal_01,p059
0.45,1.0,3.0,A,writing,meta-llama/Llama-3.1-8B-Instruct::normal_02,p059
0.15,0.0,2.0,B,writing,meta-llama/Llama-3.1-8B-Instruct::normal_02,p059
-0.25,0.0,1.0,C,writing,meta-llama/Llama-3.1-8B-Instruct::normal_02,p059
-0.15,0.0,0.0,D,writing,meta-llama/Llama-3.1-8B-Instruct::normal_02,p059
0.45,1.0,3.0,A,writing,meta-llama/Llama-3.1-8B-Instruct::normal_01,p060
0.15,0.0,2.0,B,writing,meta-llama/Llama-3.1-8B-Instruct::normal_01,p060
-0.25,0.0,1.0,C,writing,meta-llama/Llama-3.1-8B-Instruct::normal_01,p060
-0.15,0.0,0.0,D,writing,meta-llama/Llama-3.1-8B-Instruct::normal_01,p060
0.4,1.0,3.0,A,writing,meta-llama/Llama-3.1-8B-Instruct::normal_03,p061
0.3,0.0,2.0,B,writing,meta-llama/Llama-3.1-8B-Instruct::normal_03,p061
-0.3,0.0,0.5,C,writing,meta-llama/Llama-3.1-8B-Instruct::normal_03,p061
0.0,0.0,0.5,D,writing,meta-llama/Llama-3.1-8B-Instruct::normal_03,p061
0.45,1.0,3.0,A,writing,meta-llama/Llama-3.1-8B-Instruct::normal_01,p062
0.15,0.0,2.0,B,writing,meta-llama/Llama-3.1-8B-Instruct::normal_01,p062
-0.25,0.0,1.0,C,writing,meta-llama/Llama-3.1-8B-Instruct::normal_01,p062
-0.15,0.0,0.0,D,writing,meta-llama/Llama-3.1-8B-Instruct::normal_01,p062
0.45,1.0,3.0,A,writing,meta-llama/Llama-3.1-8B-Instruct::normal_02,p062
0.15,0.0,2.0,B,writing,meta-llama/Llama-3.1-8B-Instruct::normal_02,p062
-0.25,0.0,1.0,C,writing,meta-llama/Llama-3.1-8B-Instruct::normal_02,p062
-0.15,0.0,0.0,D,writing,meta-llama/Llama-3.1-8B-Instruct::normal_02,p062
0.45,1.0,3.0,A,writing,meta-llama/Llama-3.1-8B-Instruct::normal_04,p062
0.15,0.0,2.0,B,writing,meta-llama/Llama-3.1-8B-Instruct::normal_04,p062
-0.25,0.0,1.0,C,writing,meta-llama/Llama-3.1-8B-Instruct::normal_04,p062
-0.15,0.0,0.0,D,writing,meta-llama/Llama-3.1-8B-Instruct::normal_04,p062
0.45,1.0,3.0,A,writing,meta-llama/Llama-3.1-8B-Instruct::normal_03,p063
0.15,0.0,2.0,B,writing,meta-llama/Llama-3.1-8B-Instruct::normal_03,p063
-0.25,0.0,1.0,C,writing,meta-llama/Llama-3.1-8B-Instruct::normal_03,p063
-0.15,0.0,0.0,D,writing,meta-llama/Llama-3.1-8B-Instruct::normal_03,p063
0.45,1.0,3.0,A,safety,meta-llama/Llama-3.1-8B-Instruct::normal_03,p065
0.15,0.0,2.0,B,safety,meta-llama/Llama-3.1-8B-Instruct::normal_03,p065
-0.25,0.0,1.0,C,safety,meta-llama/Llama-3.1-8B-Instruct::normal_03,p065
-0.15,0.0,0.0,D,safety,meta-llama/Llama-3.1-8B-Instruct::normal_03,p065
0.45,1.0,3.0,A,safety,meta-llama/Llama-3.1-8B-Instruct::normal_04,p065
0.15,0.0,2.0,B,safety,meta-llama/Llama-3.1-8B-Instruct::normal_04,p065
-0.25,0.0,1.0,C,safety,meta-llama/Llama-3.1-8B-Instruct::normal_04,p065
-0.15,0.0,0.0,D,safety,meta-llama/Llama-3.1-8B-Instruct::normal_04,p065
0.45,1.0,3.0,A,safety,meta-llama/Llama-3.1-8B-Instruct::normal_01,p066
0.15,0.0,2.0,B,safety,meta-llama/Llama-3.1-8B-Instruct::normal_01,p066
-0.25,0.0,1.0,C,safety,meta-llama/Llama-3.1-8B-Instruct::normal_01,p066
-0.15,0.0,0.0,D,safety,meta-llama/Llama-3.1-8B-Instruct::normal_01,p066
0.45,1.0,3.0,A,safety,meta-llama/Llama-3.1-8B-Instruct::normal_04,p066
0.15,0.0,2.0,B,safety,meta-llama/Llama-3.1-8B-Instruct::normal_04,p066
-0.25,0.0,1.0,C,safety,meta-llama/Llama-3.1-8B-Instruct::normal_04,p066
-0.15,0.0,0.0,D,safety,meta-llama/Llama-3.1-8B-Instruct::normal_04,p066
0.45,1.0,3.0,A,safety,meta-llama/Llama-3.1-8B-Instruct::normal_01,p067
0.15,0.0,2.0,B,safety,meta-llama/Llama-3.1-8B-Instruct::normal_01,p067
-0.25,0.0,0.5,C,safety,meta-llama/Llama-3.1-8B-Instruct::normal_01,p067
-0.15,0.0,0.5,D,safety,meta-llama/Llama-3.1-8B-Instruct::normal_01,p067
0.45,1.0,3.0,A,safety,meta-llama/Llama-3.1-8B-Instruct::normal_01,p068
0.15,0.0,2.0,B,safety,meta-llama/Llama-3.1-8B-Instruct::normal_01,p068
-0.25,0.0,1.0,C,safety,meta-llama/Llama-3.1-8B-Instruct::normal_01,p068
-0.15,0.0,0.0,D,safety,meta-llama/Llama-3.1-8B-Instruct::normal_01,p068
0.45,1.0,3.0,A,safety,meta-llama/Llama-3.1-8B-Instruct::normal_04,p068
0.15,0.0,2.0,B,safety,meta-llama/Llama-3.1-8B-Instruct::normal_04,p068
-0.25,0.0,0.0,C,safety,meta-llama/Llama-3.1-8B-Instruct::normal_04,p068
-0.15,0.0,1.0,D,safety,meta-llama/Llama-3.1-8B-Instruct::normal_04,p068
0.45,1.0,3.0,A,safety,meta-llama/Llama-3.1-8B-Instruct::normal_02,p069
0.15,0.0,2.0,B,safety,meta-llama/Llama-3.1-8B-Instruct::normal_02,p069
-0.25,0.0,1.0,C,safety,meta-llama/Llama-3.1-8B-Instruct::normal_02,p069
-0.15,0.0,0.0,D,safety,meta-llama/Llama-3.1-8B-Instruct::normal_02,p069
0.45,1.0,3.0,A,safety,meta-llama/Llama-3.1-8B-Instruct::normal_03,p069
0.15,0.0,2.0,B,safety,meta-llama/Llama-3.1-8B-Instruct::normal_03,p069
-0.25,0.0,1.0,C,safety,meta-llama/Llama-3.1-8B-Instruct::normal_03,p069
-0.15,0.0,0.0,D,safety,meta-llama/Llama-3.1-8B-Instruct::normal_03,p069
0.5,1.0,3.0,A,safety,meta-llama/Llama-3.1-8B-Instruct::normal_04,p069
0.25,0.0,2.0,B,safety,meta-llama/Llama-3.1-8B-Instruct::normal_04,p069
-0.25,0.0,1.0,C,safety,meta-llama/Llama-3.1-8B-Instruct::normal_04,p069
0.0,0.0,0.0,D,safety,meta-llama/Llama-3.1-8B-Instruct::normal_04,p069
0.5,1.0,3.0,A,code,meta-llama/Llama-3.1-8B-Instruct::normal_01,p070
0.3,0.0,2.0,B,code,meta-llama/Llama-3.1-8B-Instruct::normal_01,p070
-0.2,0.0,1.0,C,code,meta-llama/Llama-3.1-8B-Instruct::normal_01,p070
0.0,0.0,0.0,D,code,meta-llama/Llama-3.1-8B-Instruct::normal_01,p070
0.4,1.0,3.0,A,code,meta-llama/Llama-3.1-8B-Instruct::normal_03,p070
0.3,0.0,2.0,B,code,meta-llama/Llama-3.1-8B-Instruct::normal_03,p070
-0.3,0.0,1.0,C,code,meta-llama/Llama-3.1-8B-Instruct::normal_03,p070
0.0,0.0,0.0,D,code,meta-llama/Llama-3.1-8B-Instruct::normal_03,p070
0.45,1.0,3.0,A,code,meta-llama/Llama-3.1-8B-Instruct::normal_01,p071
0.15,0.0,2.0,B,code,meta-llama/Llama-3.1-8B-Instruct::normal_01,p071
-0.25,0.0,1.0,C,code,meta-llama/Llama-3.1-8B-Instruct::normal_01,p071
-0.15,0.0,0.0,D,code,meta-llama/Llama-3.1-8B-Instruct::normal_01,p071
0.45,1.0,3.0,A,code,meta-llama/Llama-3.1-8B-Instruct::normal_02,p071
0.15,0.0,2.0,B,code,meta-llama/Llama-3.1-8B-Instruct::normal_02,p071
-0.25,0.0,1.0,C,code,meta-llama/Llama-3.1-8B-Instruct::normal_02,p071
-0.15,0.0,0.0,D,code,meta-llama/Llama-3.1-8B-Instruct::normal_02,p071
0.45,1.0,3.0,A,code,meta-llama/Llama-3.1-8B-Instruct::normal_03,p071
0.3,0.0,2.0,B,code,meta-llama/Llama-3.1-8B-Instruct::normal_03,p071
0.15,0.0,1.0,C,code,meta-llama/Llama-3.1-8B-Instruct::normal_03,p071
0.1,0.0,0.0,D,code,meta-llama/Llama-3.1-8B-Instruct::normal_03,p071
0.45,1.0,3.0,A,code,meta-llama/Llama-3.1-8B-Instruct::normal_04,p071
0.15,0.0,2.0,B,code,meta-llama/Llama-3.1-8B-Instruct::normal_04,p071
-0.25,0.0,1.0,C,code,meta-llama/Llama-3.1-8B-Instruct::normal_04,p071
-0.15,0.0,0.0,D,code,meta-llama/Llama-3.1-8B-Instruct::normal_04,p071
0.3,0.0,2.0,A,code,meta-llama/Llama-3.1-8B-Instruct::normal_03,p072
0.15,0.0,0.0,B,code,meta-llama/Llama-3.1-8B-Instruct::normal_03,p072
0.4,1.0,3.0,C,code,meta-llama/Llama-3.1-8B-Instruct::normal_03,p072
0.15,0.0,1.0,D,code,meta-llama/Llama-3.1-8B-Instruct::normal_03,p072
0.4,1.0,3.0,A,code,meta-llama/Llama-3.1-8B-Instruct::normal_01,p073
0.3,0.0,2.0,B,code,meta-llama/Llama-3.1-8B-Instruct::normal_01,p073
-0.3,0.0,1.0,C,code,meta-llama/Llama-3.1-8B-Instruct::normal_01,p073
0.0,0.0,0.0,D,code,meta-llama/Llama-3.1-8B-Instruct::normal_01,p073
0.5,1.0,3.0,A,code,meta-llama/Llama-3.1-8B-Instruct::normal_02,p073
0.25,0.0,2.0,B,code,meta-llama/Llama-3.1-8B-Instruct::normal_02,p073
-0.25,0.0,1.0,C,code,meta-llama/Llama-3.1-8B-Instruct::normal_02,p073
0.0,0.0,0.0,D,code,meta-llama/Llama-3.1-8B-Instruct::normal_02,p073
0.45,1.0,3.0,A,code,meta-llama/Llama-3.1-8B-Instruct::normal_04,p073
0.15,0.0,2.0,B,code,meta-llama/Llama-3.1-8B-Instruct::normal_04,p073
-0.25,0.0,1.0,C,code,meta-llama/Llama-3.1-8B-Instruct::normal_04,p073
-0.15,0.0,0.0,D,code,meta-llama/Llama-3.1-8B-Instruct::normal_04,p073
0.4,1.0,3.0,A,code,meta-llama/Llama-3.1-8B-Instruct::normal_02,p074
0.3,0.0,2.0,B,code,meta-llama/Llama-3.1-8B-Instruct::normal_02,p074
-0.2,0.0,1.0,C,code,meta-llama/Llama-3.1-8B-Instruct::normal_02,p074
-0.1,0.0,0.0,D,code,meta-llama/Llama-3.1-8B-Instruct::normal_02,p074
0.5,1.0,3.0,A,code,meta-llama/Llama-3.1-8B-Instruct::normal_03,p074
0.25,0.0,2.0,B,code,meta-llama/Llama-3.1-8B-Instruct::normal_03,p074
-0.25,0.0,1.0,C,code,meta-llama/Llama-3.1-8B-Instruct::normal_03,p074
0.0,0.0,0.0,D,code,meta-llama/Llama-3.1-8B-Instruct::normal_03,p074
0.45,1.0,3.0,A,code,meta-llama/Llama-3.1-8B-Instruct::normal_01,p075
0.15,0.0,2.0,B,code,meta-llama/Llama-3.1-8B-Instruct::normal_01,p075
-0.25,0.0,1.0,C,code,meta-llama/Llama-3.1-8B-Instruct::normal_01,p075
-0.15,0.0,0.0,D,code,meta-llama/Llama-3.1-8B-Instruct::normal_01,p075
0.45,1.0,3.0,A,code,meta-llama/Llama-3.1-8B-Instruct::normal_02,p075
0.15,0.0,2.0,B,code,meta-llama/Llama-3.1-8B-Instruct::normal_02,p075
-0.25,0.0,1.0,C,code,meta-llama/Llama-3.1-8B-Instruct::normal_02,p075
-0.15,0.0,0.0,D,code,meta-llama/Llama-3.1-8B-Instruct::normal_02,p075
0.45,1.0,3.0,A,code,meta-llama/Llama-3.1-8B-Instruct::normal_03,p075
0.15,0.0,2.0,B,code,meta-llama/Llama-3.1-8B-Instruct::normal_03,p075
-0.25,0.0,1.0,C,code,meta-llama/Llama-3.1-8B-Instruct::normal_03,p075
-0.15,0.0,0.0,D,code,meta-llama/Llama-3.1-8B-Instruct::normal_03,p075
0.45,1.0,3.0,A,code,meta-llama/Llama-3.1-8B-Instruct::normal_04,p075
0.15,0.0,2.0,B,code,meta-llama/Llama-3.1-8B-Instruct::normal_04,p075
-0.25,0.0,1.0,C,code,meta-llama/Llama-3.1-8B-Instruct::normal_04,p075
-0.15,0.0,0.0,D,code,meta-llama/Llama-3.1-8B-Instruct::normal_04,p075
0.45,1.0,3.0,A,business_advice,meta-llama/Llama-3.1-8B-Instruct::normal_03,p076
0.15,0.0,2.0,B,business_advice,meta-llama/Llama-3.1-8B-Instruct::normal_03,p076
-0.25,0.0,1.0,C,business_advice,meta-llama/Llama-3.1-8B-Instruct::normal_03,p076
-0.15,0.0,0.0,D,business_advice,meta-llama/Llama-3.1-8B-Instruct::normal_03,p076
0.45,1.0,3.0,A,business_advice,meta-llama/Llama-3.1-8B-Instruct::normal_02,p077
0.15,0.0,2.0,B,business_advice,meta-llama/Llama-3.1-8B-Instruct::normal_02,p077
-0.25,0.0,1.0,C,business_advice,meta-llama/Llama-3.1-8B-Instruct::normal_02,p077
-0.15,0.0,0.0,D,business_advice,meta-llama/Llama-3.1-8B-Instruct::normal_02,p077
0.45,1.0,3.0,A,business_advice,meta-llama/Llama-3.1-8B-Instruct::normal_03,p077
0.15,0.0,2.0,B,business_advice,meta-llama/Llama-3.1-8B-Instruct::normal_03,p077
-0.25,0.0,1.0,C,business_advice,meta-llama/Llama-3.1-8B-Instruct::normal_03,p077
-0.15,0.0,0.0,D,business_advice,meta-llama/Llama-3.1-8B-Instruct::normal_03,p077
0.45,1.0,3.0,A,business_advice,meta-llama/Llama-3.1-8B-Instruct::normal_04,p077
0.15,0.0,2.0,B,business_advice,meta-llama/Llama-3.1-8B-Instruct::normal_04,p077
-0.25,0.0,1.0,C,business_advice,meta-llama/Llama-3.1-8B-Instruct::normal_04,p077
-0.15,0.0,0.0,D,business_advice,meta-llama/Llama-3.1-8B-Instruct::normal_04,p077
0.45,1.0,3.0,A,business_advice,meta-llama/Llama-3.1-8B-Instruct::normal_02,p078
0.15,0.0,2.0,B,business_advice,meta-llama/Llama-3.1-8B-Instruct::normal_02,p078
-0.25,0.0,1.0,C,business_advice,meta-llama/Llama-3.1-8B-Instruct::normal_02,p078
-0.15,0.0,0.0,D,business_advice,meta-llama/Llama-3.1-8B-Instruct::normal_02,p078
0.45,1.0,3.0,A,business_advice,meta-llama/Llama-3.1-8B-Instruct::normal_01,p079
0.15,0.0,2.0,B,business_advice,meta-llama/Llama-3.1-8B-Instruct::normal_01,p079
-0.25,0.0,1.0,C,business_advice,meta-llama/Llama-3.1-8B-Instruct::normal_01,p079
-0.15,0.0,0.0,D,business_advice,meta-llama/Llama-3.1-8B-Instruct::normal_01,p079
0.45,1.0,3.0,A,business_advice,meta-llama/Llama-3.1-8B-Instruct::normal_01,p080
0.15,0.0,2.0,B,business_advice,meta-llama/Llama-3.1-8B-Instruct::normal_01,p080
-0.25,0.0,0.5,C,business_advice,meta-llama/Llama-3.1-8B-Instruct::normal_01,p080
-0.15,0.0,0.5,D,business_advice,meta-llama/Llama-3.1-8B-Instruct::normal_01,p080
0.45,1.0,3.0,A,business_advice,meta-llama/Llama-3.1-8B-Instruct::normal_02,p080
0.15,0.0,2.0,B,business_advice,meta-llama/Llama-3.1-8B-Instruct::normal_02,p080
-0.25,0.0,1.0,C,business_advice,meta-llama/Llama-3.1-8B-Instruct::normal_02,p080
-0.15,0.0,0.0,D,business_advice,meta-llama/Llama-3.1-8B-Instruct::normal_02,p080
0.45,1.0,3.0,A,business_advice,meta-llama/Llama-3.1-8B-Instruct::normal_03,p080
0.15,0.0,2.0,B,business_advice,meta-llama/Llama-3.1-8B-Instruct::normal_03,p080
-0.25,0.0,1.0,C,business_advice,meta-llama/Llama-3.1-8B-Instruct::normal_03,p080
-0.15,0.0,0.0,D,business_advice,meta-llama/Llama-3.1-8B-Instruct::normal_03,p080
0.45,1.0,3.0,A,business_advice,meta-llama/Llama-3.1-8B-Instruct::normal_01,p081
0.15,0.0,2.0,B,business_advice,meta-llama/Llama-3.1-8B-Instruct::normal_01,p081
-0.25,0.0,1.0,C,business_advice,meta-llama/Llama-3.1-8B-Instruct::normal_01,p081
-0.15,0.0,0.0,D,business_advice,meta-llama/Llama-3.1-8B-Instruct::normal_01,p081
0.45,1.0,3.0,A,business_advice,meta-llama/Llama-3.1-8B-Instruct::normal_02,p081
0.15,0.0,2.0,B,business_advice,meta-llama/Llama-3.1-8B-Instruct::normal_02,p081
-0.25,0.0,1.0,C,business_advice,meta-llama/Llama-3.1-8B-Instruct::normal_02,p081
-0.15,0.0,0.0,D,business_advice,meta-llama/Llama-3.1-8B-Instruct::normal_02,p081
0.45,1.0,3.0,A,instruction_following,meta-llama/Llama-3.1-8B-Instruct::normal_01,p082
0.15,0.0,2.0,B,instruction_following,meta-llama/Llama-3.1-8B-Instruct::normal_01,p082
-0.25,0.0,1.0,C,instruction_following,meta-llama/Llama-3.1-8B-Instruct::normal_01,p082
-0.15,0.0,0.0,D,instruction_following,meta-llama/Llama-3.1-8B-Instruct::normal_01,p082
0.45,1.0,3.0,A,instruction_following,meta-llama/Llama-3.1-8B-Instruct::normal_01,p083
0.15,0.0,2.0,B,instruction_following,meta-llama/Llama-3.1-8B-Instruct::normal_01,p083
-0.25,0.0,1.0,C,instruction_following,meta-llama/Llama-3.1-8B-Instruct::normal_01,p083
-0.15,0.0,0.0,D,instruction_following,meta-llama/Llama-3.1-8B-Instruct::normal_01,p083
0.45,1.0,3.0,A,instruction_following,meta-llama/Llama-3.1-8B-Instruct::normal_03,p083
0.15,0.0,2.0,B,instruction_following,meta-llama/Llama-3.1-8B-Instruct::normal_03,p083
-0.25,0.0,1.0,C,instruction_following,meta-llama/Llama-3.1-8B-Instruct::normal_03,p083
-0.15,0.0,0.0,D,instruction_following,meta-llama/Llama-3.1-8B-Instruct::normal_03,p083
0.5,1.0,3.0,A,instruction_following,meta-llama/Llama-3.1-8B-Instruct::normal_02,p085
0.25,0.0,2.0,B,instruction_following,meta-llama/Llama-3.1-8B-Instruct::normal_02,p085
-0.25,0.0,1.0,C,instruction_following,meta-llama/Llama-3.1-8B-Instruct::normal_02,p085
0.0,0.0,0.0,D,instruction_following,meta-llama/Llama-3.1-8B-Instruct::normal_02,p085
0.45,1.0,3.0,A,instruction_following,meta-llama/Llama-3.1-8B-Instruct::normal_03,p085
0.15,0.0,2.0,B,instruction_following,meta-llama/Llama-3.1-8B-Instruct::normal_03,p085
-0.25,0.0,1.0,C,instruction_following,meta-llama/Llama-3.1-8B-Instruct::normal_03,p085
-0.15,0.0,0.0,D,instruction_following,meta-llama/Llama-3.1-8B-Instruct::normal_03,p085
0.4,0.0,2.0,A,instruction_following,meta-llama/Llama-3.1-8B-Instruct::normal_04,p085
0.3,1.0,3.0,B,instruction_following,meta-llama/Llama-3.1-8B-Instruct::normal_04,p085
-0.3,0.0,0.0,C,instruction_following,meta-llama/Llama-3.1-8B-Instruct::normal_04,p085
0.0,0.0,1.0,D,instruction_following,meta-llama/Llama-3.1-8B-Instruct::normal_04,p085
0.45,1.0,3.0,A,analysis,meta-llama/Llama-3.1-8B-Instruct::normal_01,p088
0.15,0.0,2.0,B,analysis,meta-llama/Llama-3.1-8B-Instruct::normal_01,p088
-0.25,0.0,1.0,C,analysis,meta-llama/Llama-3.1-8B-Instruct::normal_01,p088
-0.15,0.0,0.0,D,analysis,meta-llama/Llama-3.1-8B-Instruct::normal_01,p088
0.45,1.0,3.0,A,analysis,meta-llama/Llama-3.1-8B-Instruct::normal_04,p088
0.15,0.0,2.0,B,analysis,meta-llama/Llama-3.1-8B-Instruct::normal_04,p088
-0.25,0.0,1.0,C,analysis,meta-llama/Llama-3.1-8B-Instruct::normal_04,p088
-0.15,0.0,0.0,D,analysis,meta-llama/Llama-3.1-8B-Instruct::normal_04,p088
0.45,1.0,3.0,A,analysis,meta-llama/Llama-3.1-8B-Instruct::normal_02,p089
0.15,0.0,2.0,B,analysis,meta-llama/Llama-3.1-8B-Instruct::normal_02,p089
-0.25,0.0,1.0,C,analysis,meta-llama/Llama-3.1-8B-Instruct::normal_02,p089
-0.15,0.0,0.0,D,analysis,meta-llama/Llama-3.1-8B-Instruct::normal_02,p089
0.45,1.0,3.0,A,analysis,meta-llama/Llama-3.1-8B-Instruct::normal_01,p090
0.15,0.0,2.0,B,analysis,meta-llama/Llama-3.1-8B-Instruct::normal_01,p090
-0.25,0.0,1.0,C,analysis,meta-llama/Llama-3.1-8B-Instruct::normal_01,p090
-0.15,0.0,0.0,D,analysis,meta-llama/Llama-3.1-8B-Instruct::normal_01,p090
0.4,1.0,3.0,A,analysis,meta-llama/Llama-3.1-8B-Instruct::normal_04,p090
0.3,0.0,2.0,B,analysis,meta-llama/Llama-3.1-8B-Instruct::normal_04,p090
-0.3,0.0,1.0,C,analysis,meta-llama/Llama-3.1-8B-Instruct::normal_04,p090
0.0,0.0,0.0,D,analysis,meta-llama/Llama-3.1-8B-Instruct::normal_04,p090
0.45,1.0,3.0,A,analysis,meta-llama/Llama-3.1-8B-Instruct::normal_03,p091
0.15,0.0,2.0,B,analysis,meta-llama/Llama-3.1-8B-Instruct::normal_03,p091
-0.25,0.0,1.0,C,analysis,meta-llama/Llama-3.1-8B-Instruct::normal_03,p091
-0.15,0.0,0.0,D,analysis,meta-llama/Llama-3.1-8B-Instruct::normal_03,p091
0.45,1.0,3.0,A,analysis,meta-llama/Llama-3.1-8B-Instruct::normal_04,p091
0.15,0.0,2.0,B,analysis,meta-llama/Llama-3.1-8B-Instruct::normal_04,p091
-0.25,0.0,1.0,C,analysis,meta-llama/Llama-3.1-8B-Instruct::normal_04,p091
-0.15,0.0,0.0,D,analysis,meta-llama/Llama-3.1-8B-Instruct::normal_04,p091
0.45,1.0,3.0,A,analysis,meta-llama/Llama-3.1-8B-Instruct::normal_01,p092
0.15,0.0,2.0,B,analysis,meta-llama/Llama-3.1-8B-Instruct::normal_01,p092
-0.25,0.0,1.0,C,analysis,meta-llama/Llama-3.1-8B-Instruct::normal_01,p092
-0.15,0.0,0.0,D,analysis,meta-llama/Llama-3.1-8B-Instruct::normal_01,p092
0.45,1.0,3.0,A,analysis,meta-llama/Llama-3.1-8B-Instruct::normal_04,p092
0.15,0.0,2.0,B,analysis,meta-llama/Llama-3.1-8B-Instruct::normal_04,p092
-0.25,0.0,1.0,C,analysis,meta-llama/Llama-3.1-8B-Instruct::normal_04,p092
-0.15,0.0,0.0,D,analysis,meta-llama/Llama-3.1-8B-Instruct::normal_04,p092
0.4,1.0,3.0,A,analysis,meta-llama/Llama-3.1-8B-Instruct::normal_04,p093
0.15,0.0,0.0,B,analysis,meta-llama/Llama-3.1-8B-Instruct::normal_04,p093
0.3,0.0,2.0,C,analysis,meta-llama/Llama-3.1-8B-Instruct::normal_04,p093
0.15,0.0,1.0,D,analysis,meta-llama/Llama-3.1-8B-Instruct::normal_04,p093
0.45,1.0,2.5,A,analysis,meta-llama/Llama-3.1-8B-Instruct::normal_01,p094
0.05,0.0,1.0,B,analysis,meta-llama/Llama-3.1-8B-Instruct::normal_01,p094
-0.05,0.0,0.0,C,analysis,meta-llama/Llama-3.1-8B-Instruct::normal_01,p094
0.45,0.0,2.5,D,analysis,meta-llama/Llama-3.1-8B-Instruct::normal_01,p094
0.45,1.0,3.0,A,analysis,meta-llama/Llama-3.1-8B-Instruct::normal_02,p094
0.15,0.0,2.0,B,analysis,meta-llama/Llama-3.1-8B-Instruct::normal_02,p094
-0.25,0.0,1.0,C,analysis,meta-llama/Llama-3.1-8B-Instruct::normal_02,p094
-0.15,0.0,0.0,D,analysis,meta-llama/Llama-3.1-8B-Instruct::normal_02,p094
0.45,1.0,3.0,A,analysis,meta-llama/Llama-3.1-8B-Instruct::normal_04,p094
0.15,0.0,2.0,B,analysis,meta-llama/Llama-3.1-8B-Instruct::normal_04,p094
-0.25,0.0,1.0,C,analysis,meta-llama/Llama-3.1-8B-Instruct::normal_04,p094
-0.15,0.0,0.0,D,analysis,meta-llama/Llama-3.1-8B-Instruct::normal_04,p094
0.4,1.0,3.0,A,ethics_policy,meta-llama/Llama-3.1-8B-Instruct::normal_04,p095
0.3,0.0,2.0,B,ethics_policy,meta-llama/Llama-3.1-8B-Instruct::normal_04,p095
-0.3,0.0,1.0,C,ethics_policy,meta-llama/Llama-3.1-8B-Instruct::normal_04,p095
0.0,0.0,0.0,D,ethics_policy,meta-llama/Llama-3.1-8B-Instruct::normal_04,p095
0.45,1.0,3.0,A,ethics_policy,meta-llama/Llama-3.1-8B-Instruct::normal_01,p096
0.15,0.0,2.0,B,ethics_policy,meta-llama/Llama-3.1-8B-Instruct::normal_01,p096
-0.25,0.0,1.0,C,ethics_policy,meta-llama/Llama-3.1-8B-Instruct::normal_01,p096
-0.15,0.0,0.0,D,ethics_policy,meta-llama/Llama-3.1-8B-Instruct::normal_01,p096
0.45,1.0,3.0,A,ethics_policy,meta-llama/Llama-3.1-8B-Instruct::normal_03,p096
0.15,0.0,2.0,B,ethics_policy,meta-llama/Llama-3.1-8B-Instruct::normal_03,p096
-0.25,0.0,1.0,C,ethics_policy,meta-llama/Llama-3.1-8B-Instruct::normal_03,p096
-0.15,0.0,0.0,D,ethics_policy,meta-llama/Llama-3.1-8B-Instruct::normal_03,p096
0.45,1.0,3.0,A,ethics_policy,meta-llama/Llama-3.1-8B-Instruct::normal_04,p096
0.15,0.0,2.0,B,ethics_policy,meta-llama/Llama-3.1-8B-Instruct::normal_04,p096
-0.25,0.0,1.0,C,ethics_policy,meta-llama/Llama-3.1-8B-Instruct::normal_04,p096
-0.15,0.0,0.0,D,ethics_policy,meta-llama/Llama-3.1-8B-Instruct::normal_04,p096
0.4,1.0,3.0,A,ethics_policy,meta-llama/Llama-3.1-8B-Instruct::normal_01,p097
0.3,0.0,2.0,B,ethics_policy,meta-llama/Llama-3.1-8B-Instruct::normal_01,p097
-0.3,0.0,1.0,C,ethics_policy,meta-llama/Llama-3.1-8B-Instruct::normal_01,p097
0.0,0.0,0.0,D,ethics_policy,meta-llama/Llama-3.1-8B-Instruct::normal_01,p097
0.45,1.0,3.0,A,ethics_policy,meta-llama/Llama-3.1-8B-Instruct::normal_03,p097
0.15,0.0,2.0,B,ethics_policy,meta-llama/Llama-3.1-8B-Instruct::normal_03,p097
-0.25,0.0,1.0,C,ethics_policy,meta-llama/Llama-3.1-8B-Instruct::normal_03,p097
-0.15,0.0,0.0,D,ethics_policy,meta-llama/Llama-3.1-8B-Instruct::normal_03,p097
0.4,1.0,3.0,A,ethics_policy,meta-llama/Llama-3.1-8B-Instruct::normal_04,p097
0.3,0.0,2.0,B,ethics_policy,meta-llama/Llama-3.1-8B-Instruct::normal_04,p097
0.2,0.0,1.0,C,ethics_policy,meta-llama/Llama-3.1-8B-Instruct::normal_04,p097
0.1,0.0,0.0,D,ethics_policy,meta-llama/Llama-3.1-8B-Instruct::normal_04,p097
0.45,1.0,3.0,A,ethics_policy,meta-llama/Llama-3.1-8B-Instruct::normal_04,p098
0.15,0.0,2.0,B,ethics_policy,meta-llama/Llama-3.1-8B-Instruct::normal_04,p098
-0.25,0.0,1.0,C,ethics_policy,meta-llama/Llama-3.1-8B-Instruct::normal_04,p098
-0.15,0.0,0.0,D,ethics_policy,meta-llama/Llama-3.1-8B-Instruct::normal_04,p098
0.45,1.0,3.0,A,ethics_policy,meta-llama/Llama-3.1-8B-Instruct::normal_01,p099
0.15,0.0,2.0,B,ethics_policy,meta-llama/Llama-3.1-8B-Instruct::normal_01,p099
-0.25,0.0,1.0,C,ethics_policy,meta-llama/Llama-3.1-8B-Instruct::normal_01,p099
-0.15,0.0,0.0,D,ethics_policy,meta-llama/Llama-3.1-8B-Instruct::normal_01,p099
0.5,1.0,3.0,A,ethics_policy,meta-llama/Llama-3.1-8B-Instruct::normal_02,p099
0.1,0.0,0.0,B,ethics_policy,meta-llama/Llama-3.1-8B-Instruct::normal_02,p099
0.15,0.0,1.0,C,ethics_policy,meta-llama/Llama-3.1-8B-Instruct::normal_02,p099
0.25,0.0,2.0,D,ethics_policy,meta-llama/Llama-3.1-8B-Instruct::normal_02,p099
0.45,1.0,3.0,A,ethics_policy,meta-llama/Llama-3.1-8B-Instruct::normal_03,p099
0.15,0.0,2.0,B,ethics_policy,meta-llama/Llama-3.1-8B-Instruct::normal_03,p099
-0.25,0.0,1.0,C,ethics_policy,meta-llama/Llama-3.1-8B-Instruct::normal_03,p099
-0.15,0.0,0.0,D,ethics_policy,meta-llama/Llama-3.1-8B-Instruct::normal_03,p099
0.45,1.0,3.0,A,ethics_policy,meta-llama/Llama-3.1-8B-Instruct::normal_04,p099
0.15,0.0,2.0,B,ethics_policy,meta-llama/Llama-3.1-8B-Instruct::normal_04,p099
-0.25,0.0,1.0,C,ethics_policy,meta-llama/Llama-3.1-8B-Instruct::normal_04,p099
-0.15,0.0,0.0,D,ethics_policy,meta-llama/Llama-3.1-8B-Instruct::normal_04,p099
0.45,1.0,3.0,A,ethics_policy,meta-llama/Llama-3.1-8B-Instruct::normal_01,p100
0.3,0.0,2.0,B,ethics_policy,meta-llama/Llama-3.1-8B-Instruct::normal_01,p100
0.15,0.0,1.0,C,ethics_policy,meta-llama/Llama-3.1-8B-Instruct::normal_01,p100
0.1,0.0,0.0,D,ethics_policy,meta-llama/Llama-3.1-8B-Instruct::normal_01,p100
